MapDate,FIPS,County,State,None,D0,D1,D2,D3,D4,ValidStart,ValidEnd,StatisticFormatID
20181225,06029,Kern County,CA,0.00,100.00,84.21,0.00,0.00,0.00,2018-12-25,2018-12-31,1
20181218,06029,Kern County,CA,0.00,100.00,84.21,0.00,0.00,0.00,2018-12-18,2018-12-24,1
20181211,06029,Kern County,CA,0.00,100.00,84.21,0.00,0.00,0.00,2018-12-11,2018-12-17,1
20181204,06029,Kern County,CA,0.00,100.00,84.21,0.00,0.00,0.00,2018-12-04,2018-12-10,1
20181127,06029,Kern County,CA,0.00,100.00,84.21,0.00,0.00,0.00,2018-11-27,2018-12-03,1
20181120,06029,Kern County,CA,0.00,100.00,84.12,0.00,0.00,0.00,2018-11-20,2018-11-26,1
20181113,06029,Kern County,CA,0.00,100.00,84.12,0.00,0.00,0.00,2018-11-13,2018-11-19,1
20181106,06029,Kern County,CA,0.00,100.00,84.12,0.00,0.00,0.00,2018-11-06,2018-11-12,1
20181030,06029,Kern County,CA,0.00,100.00,84.12,0.00,0.00,0.00,2018-10-30,2018-11-05,1
20181023,06029,Kern County,CA,0.00,100.00,84.12,0.00,0.00,0.00,2018-10-23,2018-10-29,1
20181016,06029,Kern County,CA,0.00,100.00,84.12,0.00,0.00,0.00,2018-10-16,2018-10-22,1
20181009,06029,Kern County,CA,0.00,100.00,84.12,0.00,0.00,0.00,2018-10-09,2018-10-15,1
20181002,06029,Kern County,CA,0.00,100.00,84.12,0.00,0.00,0.00,2018-10-02,2018-10-08,1
20180925,06029,Kern County,CA,0.00,100.00,84.12,0.00,0.00,0.00,2018-09-25,2018-10-01,1
20180918,06029,Kern County,CA,0.00,100.00,84.12,0.00,0.00,0.00,2018-09-18,2018-09-24,1
20180911,06029,Kern County,CA,0.00,100.00,84.12,0.00,0.00,0.00,2018-09-11,2018-09-17,1
20180904,06029,Kern County,CA,0.00,100.00,84.12,0.00,0.00,0.00,2018-09-04,2018-09-10,1
20180828,06029,Kern County,CA,0.00,100.00,84.12,0.00,0.00,0.00,2018-08-28,2018-09-03,1
20180821,06029,Kern County,CA,0.00,100.00,84.12,0.00,0.00,0.00,2018-08-21,2018-08-27,1
20180814,06029,Kern County,CA,0.00,100.00,84.12,0.00,0.00,0.00,2018-08-14,2018-08-20,1
20180807,06029,Kern County,CA,0.00,100.00,84.12,0.00,0.00,0.00,2018-08-07,2018-08-13,1
20180731,06029,Kern County,CA,0.00,100.00,84.12,0.00,0.00,0.00,2018-07-31,2018-08-06,1
20180724,06029,Kern County,CA,0.00,100.00,84.09,0.00,0.00,0.00,2018-07-24,2018-07-30,1
20180717,06029,Kern County,CA,0.00,100.00,83.95,0.00,0.00,0.00,2018-07-17,2018-07-23,1
20180710,06029,Kern County,CA,0.00,100.00,83.83,0.00,0.00,0.00,2018-07-10,2018-07-16,1
20180703,06029,Kern County,CA,0.00,100.00,84.05,0.00,0.00,0.00,2018-07-03,2018-07-09,1
20180626,06029,Kern County,CA,0.00,100.00,84.05,0.00,0.00,0.00,2018-06-26,2018-07-02,1
20180619,06029,Kern County,CA,0.00,100.00,84.05,0.00,0.00,0.00,2018-06-19,2018-06-25,1
20180612,06029,Kern County,CA,0.00,100.00,84.05,0.00,0.00,0.00,2018-06-12,2018-06-18,1
20180605,06029,Kern County,CA,0.00,100.00,84.17,0.00,0.00,0.00,2018-06-05,2018-06-11,1
20180529,06029,Kern County,CA,0.00,100.00,84.17,0.00,0.00,0.00,2018-05-29,2018-06-04,1
20180522,06029,Kern County,CA,0.00,100.00,84.17,0.00,0.00,0.00,2018-05-22,2018-05-28,1
20180515,06029,Kern County,CA,0.00,100.00,84.53,0.00,0.00,0.00,2018-05-15,2018-05-21,1
20180508,06029,Kern County,CA,0.00,100.00,84.27,0.00,0.00,0.00,2018-05-08,2018-05-14,1
20180501,06029,Kern County,CA,0.00,100.00,84.27,0.00,0.00,0.00,2018-05-01,2018-05-07,1
20180424,06029,Kern County,CA,0.00,100.00,84.27,0.00,0.00,0.00,2018-04-24,2018-04-30,1
20180417,06029,Kern County,CA,0.00,100.00,84.27,0.00,0.00,0.00,2018-04-17,2018-04-23,1
20180410,06029,Kern County,CA,0.00,100.00,84.27,0.00,0.00,0.00,2018-04-10,2018-04-16,1
20180403,06029,Kern County,CA,0.00,100.00,91.54,0.00,0.00,0.00,2018-04-03,2018-04-09,1
20180327,06029,Kern County,CA,0.00,100.00,91.19,0.00,0.00,0.00,2018-03-27,2018-04-02,1
20180320,06029,Kern County,CA,0.00,100.00,99.99,83.59,0.00,0.00,2018-03-20,2018-03-26,1
20180313,06029,Kern County,CA,0.00,100.00,99.99,83.59,0.00,0.00,2018-03-13,2018-03-19,1
20180306,06029,Kern County,CA,0.00,100.00,99.99,83.59,0.00,0.00,2018-03-06,2018-03-12,1
20180227,06029,Kern County,CA,0.00,100.00,99.99,83.59,0.00,0.00,2018-02-27,2018-03-05,1
20180220,06029,Kern County,CA,0.00,100.00,99.99,83.59,0.00,0.00,2018-02-20,2018-02-26,1
20180213,06029,Kern County,CA,0.00,100.00,99.99,83.59,0.00,0.00,2018-02-13,2018-02-19,1
20180206,06029,Kern County,CA,0.00,100.00,99.97,2.30,0.00,0.00,2018-02-06,2018-02-12,1
20180130,06029,Kern County,CA,0.00,100.00,99.86,1.00,0.00,0.00,2018-01-30,2018-02-05,1
20180123,06029,Kern County,CA,0.00,100.00,3.50,0.00,0.00,0.00,2018-01-23,2018-01-29,1
20180116,06029,Kern County,CA,21.74,78.26,3.50,0.00,0.00,0.00,2018-01-16,2018-01-22,1
20180109,06029,Kern County,CA,21.81,78.19,3.50,0.00,0.00,0.00,2018-01-09,2018-01-15,1
20180102,06029,Kern County,CA,21.81,78.19,3.50,0.00,0.00,0.00,2018-01-02,2018-01-08,1
20171226,06029,Kern County,CA,21.81,78.19,3.50,0.00,0.00,0.00,2017-12-26,2018-01-01,1
20171219,06029,Kern County,CA,21.81,78.19,3.50,0.00,0.00,0.00,2017-12-19,2017-12-25,1
20171212,06029,Kern County,CA,21.81,78.19,3.50,0.00,0.00,0.00,2017-12-12,2017-12-18,1
20171205,06029,Kern County,CA,27.40,72.60,3.50,0.00,0.00,0.00,2017-12-05,2017-12-11,1
20171128,06029,Kern County,CA,36.85,63.15,3.50,0.00,0.00,0.00,2017-11-28,2017-12-04,1
20171121,06029,Kern County,CA,59.45,40.55,3.50,0.00,0.00,0.00,2017-11-21,2017-11-27,1
20171114,06029,Kern County,CA,59.45,40.55,3.50,0.00,0.00,0.00,2017-11-14,2017-11-20,1
20171107,06029,Kern County,CA,61.44,38.56,3.50,0.00,0.00,0.00,2017-11-07,2017-11-13,1
20171031,06029,Kern County,CA,61.44,38.56,3.50,0.00,0.00,0.00,2017-10-31,2017-11-06,1
20171024,06029,Kern County,CA,61.44,38.56,3.50,0.00,0.00,0.00,2017-10-24,2017-10-30,1
20171017,06029,Kern County,CA,61.27,38.73,3.50,0.00,0.00,0.00,2017-10-17,2017-10-23,1
20171010,06029,Kern County,CA,61.27,38.73,3.50,0.00,0.00,0.00,2017-10-10,2017-10-16,1
20171003,06029,Kern County,CA,61.27,38.73,3.50,0.00,0.00,0.00,2017-10-03,2017-10-09,1
20170926,06029,Kern County,CA,61.27,38.73,3.50,0.00,0.00,0.00,2017-09-26,2017-10-02,1
20170919,06029,Kern County,CA,61.27,38.73,3.50,0.00,0.00,0.00,2017-09-19,2017-09-25,1
20170912,06029,Kern County,CA,61.27,38.73,3.50,0.00,0.00,0.00,2017-09-12,2017-09-18,1
20170905,06029,Kern County,CA,61.27,38.73,3.50,0.00,0.00,0.00,2017-09-05,2017-09-11,1
20170829,06029,Kern County,CA,61.27,38.73,3.50,0.00,0.00,0.00,2017-08-29,2017-09-04,1
20170822,06029,Kern County,CA,61.27,38.73,3.50,0.00,0.00,0.00,2017-08-22,2017-08-28,1
20170815,06029,Kern County,CA,61.27,38.73,3.50,0.00,0.00,0.00,2017-08-15,2017-08-21,1
20170808,06029,Kern County,CA,61.27,38.73,3.50,0.00,0.00,0.00,2017-08-08,2017-08-14,1
20170801,06029,Kern County,CA,61.27,38.73,3.50,0.00,0.00,0.00,2017-08-01,2017-08-07,1
20170725,06029,Kern County,CA,61.27,38.73,3.50,0.00,0.00,0.00,2017-07-25,2017-07-31,1
20170718,06029,Kern County,CA,61.27,38.73,3.50,0.00,0.00,0.00,2017-07-18,2017-07-24,1
20170711,06029,Kern County,CA,61.27,38.73,3.50,0.00,0.00,0.00,2017-07-11,2017-07-17,1
20170704,06029,Kern County,CA,61.27,38.73,3.50,0.00,0.00,0.00,2017-07-04,2017-07-10,1
20170627,06029,Kern County,CA,61.27,38.73,3.50,0.00,0.00,0.00,2017-06-27,2017-07-03,1
20170620,06029,Kern County,CA,61.27,38.73,3.50,0.00,0.00,0.00,2017-06-20,2017-06-26,1
20170613,06029,Kern County,CA,61.27,38.73,3.50,0.00,0.00,0.00,2017-06-13,2017-06-19,1
20170606,06029,Kern County,CA,61.27,38.73,3.50,0.00,0.00,0.00,2017-06-06,2017-06-12,1
20170530,06029,Kern County,CA,61.27,38.73,3.50,0.00,0.00,0.00,2017-05-30,2017-06-05,1
20170523,06029,Kern County,CA,61.27,38.73,3.50,0.00,0.00,0.00,2017-05-23,2017-05-29,1
20170516,06029,Kern County,CA,61.27,38.73,3.50,0.00,0.00,0.00,2017-05-16,2017-05-22,1
20170509,06029,Kern County,CA,61.27,38.73,3.50,0.00,0.00,0.00,2017-05-09,2017-05-15,1
20170502,06029,Kern County,CA,61.27,38.73,3.50,0.00,0.00,0.00,2017-05-02,2017-05-08,1
20170425,06029,Kern County,CA,61.76,38.24,3.50,0.00,0.00,0.00,2017-04-25,2017-05-01,1
20170418,06029,Kern County,CA,61.76,38.24,3.50,0.00,0.00,0.00,2017-04-18,2017-04-24,1
20170411,06029,Kern County,CA,61.76,38.24,3.50,0.00,0.00,0.00,2017-04-11,2017-04-17,1
20170404,06029,Kern County,CA,61.76,38.24,3.50,0.00,0.00,0.00,2017-04-04,2017-04-10,1
20170328,06029,Kern County,CA,61.76,38.24,3.50,0.00,0.00,0.00,2017-03-28,2017-04-03,1
20170321,06029,Kern County,CA,61.76,38.24,3.50,0.00,0.00,0.00,2017-03-21,2017-03-27,1
20170314,06029,Kern County,CA,61.76,38.24,3.50,0.00,0.00,0.00,2017-03-14,2017-03-20,1
20170307,06029,Kern County,CA,61.76,38.24,3.50,0.00,0.00,0.00,2017-03-07,2017-03-13,1
20170228,06029,Kern County,CA,61.76,38.24,3.50,0.00,0.00,0.00,2017-02-28,2017-03-06,1
20170221,06029,Kern County,CA,61.44,38.56,8.00,0.00,0.00,0.00,2017-02-21,2017-02-27,1
20170214,06029,Kern County,CA,0.00,100.00,31.47,2.78,0.00,0.00,2017-02-14,2017-02-20,1
20170207,06029,Kern County,CA,0.00,100.00,100.00,25.78,0.00,0.00,2017-02-07,2017-02-13,1
20170131,06029,Kern County,CA,0.00,100.00,100.00,32.86,1.55,0.00,2017-01-31,2017-02-06,1
20170124,06029,Kern County,CA,0.00,100.00,100.00,73.82,6.70,0.00,2017-01-24,2017-01-30,1
20170117,06029,Kern County,CA,0.00,100.00,100.00,100.00,72.50,5.99,2017-01-17,2017-01-23,1
20170110,06029,Kern County,CA,0.00,100.00,100.00,100.00,79.82,5.99,2017-01-10,2017-01-16,1
20170103,06029,Kern County,CA,0.00,100.00,100.00,100.00,99.55,73.06,2017-01-03,2017-01-09,1
20161227,06029,Kern County,CA,0.00,100.00,100.00,100.00,100.00,73.06,2016-12-27,2017-01-02,1
20161220,06029,Kern County,CA,0.00,100.00,100.00,100.00,100.00,73.06,2016-12-20,2016-12-26,1
20161213,06029,Kern County,CA,0.00,100.00,100.00,100.00,100.00,73.06,2016-12-13,2016-12-19,1
20161206,06029,Kern County,CA,0.00,100.00,100.00,100.00,100.00,73.06,2016-12-06,2016-12-12,1
20161129,06029,Kern County,CA,0.00,100.00,100.00,100.00,100.00,73.06,2016-11-29,2016-12-05,1
20161122,06029,Kern County,CA,0.00,100.00,100.00,100.00,100.00,73.06,2016-11-22,2016-11-28,1
20161115,06029,Kern County,CA,0.00,100.00,100.00,100.00,100.00,73.06,2016-11-15,2016-11-21,1
20161108,06029,Kern County,CA,0.00,100.00,100.00,100.00,100.00,73.06,2016-11-08,2016-11-14,1
20161101,06029,Kern County,CA,0.00,100.00,100.00,100.00,100.00,73.06,2016-11-01,2016-11-07,1
20161025,06029,Kern County,CA,0.00,100.00,100.00,100.00,100.00,73.06,2016-10-25,2016-10-31,1
20161018,06029,Kern County,CA,0.00,100.00,100.00,100.00,100.00,73.06,2016-10-18,2016-10-24,1
20161011,06029,Kern County,CA,0.00,100.00,100.00,100.00,100.00,73.06,2016-10-11,2016-10-17,1
20161004,06029,Kern County,CA,0.00,100.00,100.00,100.00,100.00,73.06,2016-10-04,2016-10-10,1
20160927,06029,Kern County,CA,0.00,100.00,100.00,100.00,100.00,73.06,2016-09-27,2016-10-03,1
20160920,06029,Kern County,CA,0.00,100.00,100.00,100.00,100.00,73.06,2016-09-20,2016-09-26,1
20160913,06029,Kern County,CA,0.00,100.00,100.00,100.00,100.00,73.06,2016-09-13,2016-09-19,1
20160906,06029,Kern County,CA,0.00,100.00,100.00,100.00,100.00,73.06,2016-09-06,2016-09-12,1
20160830,06029,Kern County,CA,0.00,100.00,100.00,100.00,100.00,73.06,2016-08-30,2016-09-05,1
20160823,06029,Kern County,CA,0.00,100.00,100.00,100.00,100.00,73.06,2016-08-23,2016-08-29,1
20160816,06029,Kern County,CA,0.00,100.00,100.00,100.00,100.00,73.06,2016-08-16,2016-08-22,1
20160809,06029,Kern County,CA,0.00,100.00,100.00,100.00,100.00,73.06,2016-08-09,2016-08-15,1
20160802,06029,Kern County,CA,0.00,100.00,100.00,100.00,100.00,73.06,2016-08-02,2016-08-08,1
20160726,06029,Kern County,CA,0.00,100.00,100.00,100.00,100.00,73.06,2016-07-26,2016-08-01,1
20160719,06029,Kern County,CA,0.00,100.00,100.00,100.00,100.00,73.06,2016-07-19,2016-07-25,1
20160712,06029,Kern County,CA,0.00,100.00,100.00,100.00,100.00,73.06,2016-07-12,2016-07-18,1
20160705,06029,Kern County,CA,0.00,100.00,100.00,100.00,100.00,73.06,2016-07-05,2016-07-11,1
20160628,06029,Kern County,CA,0.00,100.00,100.00,100.00,100.00,73.06,2016-06-28,2016-07-04,1
20160621,06029,Kern County,CA,0.00,100.00,100.00,100.00,100.00,73.06,2016-06-21,2016-06-27,1
20160614,06029,Kern County,CA,0.00,100.00,100.00,100.00,100.00,73.06,2016-06-14,2016-06-20,1
20160607,06029,Kern County,CA,0.00,100.00,100.00,100.00,100.00,73.06,2016-06-07,2016-06-13,1
20160531,06029,Kern County,CA,0.00,100.00,100.00,100.00,100.00,73.06,2016-05-31,2016-06-06,1
20160524,06029,Kern County,CA,0.00,100.00,100.00,100.00,100.00,73.06,2016-05-24,2016-05-30,1
20160517,06029,Kern County,CA,0.00,100.00,100.00,100.00,100.00,73.06,2016-05-17,2016-05-23,1
20160510,06029,Kern County,CA,0.00,100.00,100.00,100.00,100.00,73.06,2016-05-10,2016-05-16,1
20160503,06029,Kern County,CA,0.00,100.00,100.00,100.00,100.00,73.06,2016-05-03,2016-05-09,1
20160426,06029,Kern County,CA,0.00,100.00,100.00,100.00,100.00,73.06,2016-04-26,2016-05-02,1
20160419,06029,Kern County,CA,0.00,100.00,100.00,100.00,100.00,73.06,2016-04-19,2016-04-25,1
20160412,06029,Kern County,CA,0.00,100.00,100.00,100.00,100.00,73.56,2016-04-12,2016-04-18,1
20160405,06029,Kern County,CA,0.00,100.00,100.00,100.00,100.00,73.56,2016-04-05,2016-04-11,1
20160329,06029,Kern County,CA,0.00,100.00,100.00,100.00,100.00,73.56,2016-03-29,2016-04-04,1
20160322,06029,Kern County,CA,0.00,100.00,100.00,100.00,100.00,73.56,2016-03-22,2016-03-28,1
20160315,06029,Kern County,CA,0.00,100.00,100.00,100.00,100.00,73.56,2016-03-15,2016-03-21,1
20160308,06029,Kern County,CA,0.00,100.00,100.00,100.00,100.00,73.56,2016-03-08,2016-03-14,1
20160301,06029,Kern County,CA,0.00,100.00,100.00,100.00,100.00,73.56,2016-03-01,2016-03-07,1
20160223,06029,Kern County,CA,0.00,100.00,100.00,100.00,100.00,73.56,2016-02-23,2016-02-29,1
20160216,06029,Kern County,CA,0.00,100.00,100.00,100.00,100.00,73.56,2016-02-16,2016-02-22,1
20160209,06029,Kern County,CA,0.00,100.00,100.00,100.00,100.00,73.56,2016-02-09,2016-02-15,1
20160202,06029,Kern County,CA,0.00,100.00,100.00,100.00,100.00,73.56,2016-02-02,2016-02-08,1
20160126,06029,Kern County,CA,0.00,100.00,100.00,100.00,100.00,73.70,2016-01-26,2016-02-01,1
20160119,06029,Kern County,CA,0.00,100.00,100.00,100.00,100.00,73.70,2016-01-19,2016-01-25,1
20160112,06029,Kern County,CA,0.00,100.00,100.00,100.00,100.00,73.70,2016-01-12,2016-01-18,1
20160105,06029,Kern County,CA,0.00,100.00,100.00,100.00,100.00,73.70,2016-01-05,2016-01-11,1
20151229,06029,Kern County,CA,0.00,100.00,100.00,100.00,100.00,73.70,2015-12-29,2016-01-04,1
20151222,06029,Kern County,CA,0.00,100.00,100.00,100.00,100.00,73.70,2015-12-22,2015-12-28,1
20151215,06029,Kern County,CA,0.00,100.00,100.00,100.00,100.00,73.70,2015-12-15,2015-12-21,1
20151208,06029,Kern County,CA,0.00,100.00,100.00,100.00,100.00,73.70,2015-12-08,2015-12-14,1
20151201,06029,Kern County,CA,0.00,100.00,100.00,100.00,100.00,73.70,2015-12-01,2015-12-07,1
20151124,06029,Kern County,CA,0.00,100.00,100.00,100.00,100.00,73.70,2015-11-24,2015-11-30,1
20151117,06029,Kern County,CA,0.00,100.00,100.00,100.00,100.00,73.70,2015-11-17,2015-11-23,1
20151110,06029,Kern County,CA,0.00,100.00,100.00,100.00,100.00,73.70,2015-11-10,2015-11-16,1
20151103,06029,Kern County,CA,0.00,100.00,100.00,100.00,100.00,73.70,2015-11-03,2015-11-09,1
20151027,06029,Kern County,CA,0.00,100.00,100.00,100.00,100.00,73.70,2015-10-27,2015-11-02,1
20151020,06029,Kern County,CA,0.00,100.00,100.00,100.00,100.00,73.70,2015-10-20,2015-10-26,1
20151013,06029,Kern County,CA,0.00,100.00,100.00,100.00,100.00,73.70,2015-10-13,2015-10-19,1
20151006,06029,Kern County,CA,0.00,100.00,100.00,100.00,100.00,73.70,2015-10-06,2015-10-12,1
20150929,06029,Kern County,CA,0.00,100.00,100.00,100.00,100.00,73.70,2015-09-29,2015-10-05,1
20150922,06029,Kern County,CA,0.00,100.00,100.00,100.00,100.00,73.70,2015-09-22,2015-09-28,1
20150915,06029,Kern County,CA,0.00,100.00,100.00,100.00,100.00,73.70,2015-09-15,2015-09-21,1
20150908,06029,Kern County,CA,0.00,100.00,100.00,100.00,100.00,73.70,2015-09-08,2015-09-14,1
20150901,06029,Kern County,CA,0.00,100.00,100.00,100.00,100.00,73.70,2015-09-01,2015-09-07,1
20150825,06029,Kern County,CA,0.00,100.00,100.00,100.00,100.00,73.70,2015-08-25,2015-08-31,1
20150818,06029,Kern County,CA,0.00,100.00,100.00,100.00,100.00,73.70,2015-08-18,2015-08-24,1
20150811,06029,Kern County,CA,0.00,100.00,100.00,100.00,100.00,73.70,2015-08-11,2015-08-17,1
20150804,06029,Kern County,CA,0.00,100.00,100.00,100.00,100.00,73.70,2015-08-04,2015-08-10,1
20150728,06029,Kern County,CA,0.00,100.00,100.00,100.00,100.00,73.70,2015-07-28,2015-08-03,1
20150721,06029,Kern County,CA,0.00,100.00,100.00,100.00,100.00,73.70,2015-07-21,2015-07-27,1
20150714,06029,Kern County,CA,0.00,100.00,100.00,100.00,100.00,73.70,2015-07-14,2015-07-20,1
20150707,06029,Kern County,CA,0.00,100.00,100.00,100.00,100.00,73.70,2015-07-07,2015-07-13,1
20150630,06029,Kern County,CA,0.00,100.00,100.00,100.00,100.00,73.70,2015-06-30,2015-07-06,1
20150623,06029,Kern County,CA,0.00,100.00,100.00,100.00,100.00,73.70,2015-06-23,2015-06-29,1
20150616,06029,Kern County,CA,0.00,100.00,100.00,100.00,100.00,73.70,2015-06-16,2015-06-22,1
20150609,06029,Kern County,CA,0.00,100.00,100.00,100.00,100.00,73.70,2015-06-09,2015-06-15,1
20150602,06029,Kern County,CA,0.00,100.00,100.00,100.00,100.00,73.70,2015-06-02,2015-06-08,1
20150526,06029,Kern County,CA,0.00,100.00,100.00,100.00,100.00,73.70,2015-05-26,2015-06-01,1
20150519,06029,Kern County,CA,0.00,100.00,100.00,100.00,100.00,73.70,2015-05-19,2015-05-25,1
20150512,06029,Kern County,CA,0.00,100.00,100.00,100.00,100.00,73.70,2015-05-12,2015-05-18,1
20150505,06029,Kern County,CA,0.00,100.00,100.00,100.00,100.00,73.70,2015-05-05,2015-05-11,1
20150428,06029,Kern County,CA,0.00,100.00,100.00,100.00,100.00,73.70,2015-04-28,2015-05-04,1
20150421,06029,Kern County,CA,0.00,100.00,100.00,100.00,100.00,73.70,2015-04-21,2015-04-27,1
20150414,06029,Kern County,CA,0.00,100.00,100.00,100.00,100.00,73.70,2015-04-14,2015-04-20,1
20150407,06029,Kern County,CA,0.00,100.00,100.00,100.00,100.00,73.70,2015-04-07,2015-04-13,1
20150331,06029,Kern County,CA,0.00,100.00,100.00,100.00,100.00,73.70,2015-03-31,2015-04-06,1
20150324,06029,Kern County,CA,0.00,100.00,100.00,100.00,100.00,73.70,2015-03-24,2015-03-30,1
20150317,06029,Kern County,CA,0.00,100.00,100.00,100.00,100.00,61.59,2015-03-17,2015-03-23,1
20150310,06029,Kern County,CA,0.00,100.00,100.00,100.00,100.00,61.59,2015-03-10,2015-03-16,1
20150303,06029,Kern County,CA,0.00,100.00,100.00,100.00,100.00,61.59,2015-03-03,2015-03-09,1
20150224,06029,Kern County,CA,0.00,100.00,100.00,100.00,100.00,61.59,2015-02-24,2015-03-02,1
20150217,06029,Kern County,CA,0.00,100.00,100.00,100.00,100.00,77.68,2015-02-17,2015-02-23,1
20150210,06029,Kern County,CA,0.00,100.00,100.00,100.00,100.00,77.68,2015-02-10,2015-02-16,1
20150203,06029,Kern County,CA,0.00,100.00,100.00,100.00,100.00,77.68,2015-02-03,2015-02-09,1
20150127,06029,Kern County,CA,0.00,100.00,100.00,100.00,100.00,77.68,2015-01-27,2015-02-02,1
20150120,06029,Kern County,CA,0.00,100.00,100.00,100.00,100.00,77.68,2015-01-20,2015-01-26,1
20150113,06029,Kern County,CA,0.00,100.00,100.00,100.00,100.00,77.68,2015-01-13,2015-01-19,1
20150106,06029,Kern County,CA,0.00,100.00,100.00,100.00,100.00,77.68,2015-01-06,2015-01-12,1
20141230,06029,Kern County,CA,0.00,100.00,100.00,100.00,100.00,77.68,2014-12-30,2015-01-05,1
20141223,06029,Kern County,CA,0.00,100.00,100.00,100.00,100.00,77.68,2014-12-23,2014-12-29,1
20141216,06029,Kern County,CA,0.00,100.00,100.00,100.00,100.00,77.68,2014-12-16,2014-12-22,1
20141209,06029,Kern County,CA,0.00,100.00,100.00,100.00,100.00,77.68,2014-12-09,2014-12-15,1
20141202,06029,Kern County,CA,0.00,100.00,100.00,100.00,100.00,77.68,2014-12-02,2014-12-08,1
20141125,06029,Kern County,CA,0.00,100.00,100.00,100.00,100.00,77.68,2014-11-25,2014-12-01,1
20141118,06029,Kern County,CA,0.00,100.00,100.00,100.00,100.00,77.68,2014-11-18,2014-11-24,1
20141111,06029,Kern County,CA,0.00,100.00,100.00,100.00,100.00,77.68,2014-11-11,2014-11-17,1
20141104,06029,Kern County,CA,0.00,100.00,100.00,100.00,100.00,77.68,2014-11-04,2014-11-10,1
20141028,06029,Kern County,CA,0.00,100.00,100.00,100.00,100.00,77.68,2014-10-28,2014-11-03,1
20141021,06029,Kern County,CA,0.00,100.00,100.00,100.00,100.00,77.68,2014-10-21,2014-10-27,1
20141014,06029,Kern County,CA,0.00,100.00,100.00,100.00,100.00,77.68,2014-10-14,2014-10-20,1
20141007,06029,Kern County,CA,0.00,100.00,100.00,100.00,100.00,77.68,2014-10-07,2014-10-13,1
20140930,06029,Kern County,CA,0.00,100.00,100.00,100.00,100.00,77.68,2014-09-30,2014-10-06,1
20140923,06029,Kern County,CA,0.00,100.00,100.00,100.00,100.00,77.68,2014-09-23,2014-09-29,1
20140916,06029,Kern County,CA,0.00,100.00,100.00,100.00,100.00,77.68,2014-09-16,2014-09-22,1
20140909,06029,Kern County,CA,0.00,100.00,100.00,100.00,100.00,77.68,2014-09-09,2014-09-15,1
20140902,06029,Kern County,CA,0.00,100.00,100.00,100.00,100.00,77.68,2014-09-02,2014-09-08,1
20140826,06029,Kern County,CA,0.00,100.00,100.00,100.00,100.00,77.68,2014-08-26,2014-09-01,1
20140819,06029,Kern County,CA,0.00,100.00,100.00,100.00,100.00,77.68,2014-08-19,2014-08-25,1
20140812,06029,Kern County,CA,0.00,100.00,100.00,100.00,100.00,77.68,2014-08-12,2014-08-18,1
20140805,06029,Kern County,CA,0.00,100.00,100.00,100.00,100.00,77.68,2014-08-05,2014-08-11,1
20140729,06029,Kern County,CA,0.00,100.00,100.00,100.00,100.00,77.68,2014-07-29,2014-08-04,1
20140722,06029,Kern County,CA,0.00,100.00,100.00,100.00,100.00,77.68,2014-07-22,2014-07-28,1
20140715,06029,Kern County,CA,0.00,100.00,100.00,100.00,100.00,77.68,2014-07-15,2014-07-21,1
20140708,06029,Kern County,CA,0.00,100.00,100.00,100.00,100.00,77.68,2014-07-08,2014-07-14,1
20140701,06029,Kern County,CA,0.00,100.00,100.00,100.00,100.00,77.68,2014-07-01,2014-07-07,1
20140624,06029,Kern County,CA,0.00,100.00,100.00,100.00,100.00,76.50,2014-06-24,2014-06-30,1
20140617,06029,Kern County,CA,0.00,100.00,100.00,100.00,100.00,76.50,2014-06-17,2014-06-23,1
20140610,06029,Kern County,CA,0.00,100.00,100.00,100.00,100.00,76.07,2014-06-10,2014-06-16,1
20140603,06029,Kern County,CA,0.00,100.00,100.00,100.00,100.00,76.07,2014-06-03,2014-06-09,1
20140527,06029,Kern County,CA,0.00,100.00,100.00,100.00,100.00,76.07,2014-05-27,2014-06-02,1
20140520,06029,Kern County,CA,0.00,100.00,100.00,100.00,100.00,76.07,2014-05-20,2014-05-26,1
20140513,06029,Kern County,CA,0.00,100.00,100.00,100.00,100.00,76.07,2014-05-13,2014-05-19,1
20140506,06029,Kern County,CA,0.00,100.00,100.00,100.00,100.00,76.07,2014-05-06,2014-05-12,1
20140429,06029,Kern County,CA,0.00,100.00,100.00,100.00,100.00,76.07,2014-04-29,2014-05-05,1
20140422,06029,Kern County,CA,0.00,100.00,100.00,100.00,100.00,76.07,2014-04-22,2014-04-28,1
20140415,06029,Kern County,CA,0.00,100.00,100.00,100.00,100.00,76.07,2014-04-15,2014-04-21,1
20140408,06029,Kern County,CA,0.00,100.00,100.00,100.00,100.00,76.07,2014-04-08,2014-04-14,1
20140401,06029,Kern County,CA,0.00,100.00,100.00,100.00,100.00,76.07,2014-04-01,2014-04-07,1
20140325,06029,Kern County,CA,0.00,100.00,100.00,100.00,100.00,76.07,2014-03-25,2014-03-31,1
20140318,06029,Kern County,CA,0.00,100.00,100.00,100.00,100.00,76.04,2014-03-18,2014-03-24,1
20140311,06029,Kern County,CA,0.00,100.00,100.00,100.00,100.00,76.04,2014-03-11,2014-03-17,1
20140304,06029,Kern County,CA,0.00,100.00,100.00,100.00,100.00,76.04,2014-03-04,2014-03-10,1
20140225,06029,Kern County,CA,0.00,100.00,100.00,100.00,100.00,78.10,2014-02-25,2014-03-03,1
20140218,06029,Kern County,CA,0.00,100.00,100.00,100.00,100.00,54.94,2014-02-18,2014-02-24,1
20140211,06029,Kern County,CA,0.00,100.00,100.00,100.00,97.89,47.07,2014-02-11,2014-02-17,1
20140204,06029,Kern County,CA,0.00,100.00,100.00,100.00,97.89,47.07,2014-02-04,2014-02-10,1
20140128,06029,Kern County,CA,0.00,100.00,100.00,100.00,97.89,46.87,2014-01-28,2014-02-03,1
20140121,06029,Kern County,CA,0.00,100.00,100.00,100.00,97.89,0.00,2014-01-21,2014-01-27,1
20140114,06029,Kern County,CA,0.00,100.00,100.00,100.00,97.89,0.00,2014-01-14,2014-01-20,1
20140107,06029,Kern County,CA,0.00,100.00,100.00,100.00,97.70,0.00,2014-01-07,2014-01-13,1
20131231,06029,Kern County,CA,0.00,100.00,100.00,100.00,97.70,0.00,2013-12-31,2014-01-06,1
20131224,06029,Kern County,CA,0.00,100.00,100.00,100.00,97.70,0.00,2013-12-24,2013-12-30,1
20131217,06029,Kern County,CA,0.00,100.00,100.00,100.00,97.70,0.00,2013-12-17,2013-12-23,1
20131210,06029,Kern County,CA,0.00,100.00,100.00,100.00,97.70,0.00,2013-12-10,2013-12-16,1
20131203,06029,Kern County,CA,0.00,100.00,100.00,100.00,97.70,0.00,2013-12-03,2013-12-09,1
20131126,06029,Kern County,CA,0.00,100.00,100.00,100.00,97.70,0.00,2013-11-26,2013-12-02,1
20131119,06029,Kern County,CA,0.00,100.00,100.00,100.00,97.70,0.00,2013-11-19,2013-11-25,1
20131112,06029,Kern County,CA,0.00,100.00,100.00,100.00,95.98,0.00,2013-11-12,2013-11-18,1
20131105,06029,Kern County,CA,0.00,100.00,100.00,100.00,95.98,0.00,2013-11-05,2013-11-11,1
20131029,06029,Kern County,CA,0.00,100.00,100.00,100.00,95.98,0.00,2013-10-29,2013-11-04,1
20131022,06029,Kern County,CA,0.00,100.00,100.00,100.00,95.98,0.00,2013-10-22,2013-10-28,1
20131015,06029,Kern County,CA,0.00,100.00,100.00,100.00,95.98,0.00,2013-10-15,2013-10-21,1
20131008,06029,Kern County,CA,0.00,100.00,100.00,100.00,95.98,0.00,2013-10-08,2013-10-14,1
20131001,06029,Kern County,CA,0.00,100.00,100.00,100.00,95.98,0.00,2013-10-01,2013-10-07,1
20130924,06029,Kern County,CA,0.00,100.00,100.00,100.00,95.98,0.00,2013-09-24,2013-09-30,1
20130917,06029,Kern County,CA,0.00,100.00,100.00,100.00,95.98,0.00,2013-09-17,2013-09-23,1
20130910,06029,Kern County,CA,0.00,100.00,100.00,100.00,95.98,0.00,2013-09-10,2013-09-16,1
20130903,06029,Kern County,CA,0.00,100.00,100.00,100.00,95.98,0.00,2013-09-03,2013-09-09,1
20130827,06029,Kern County,CA,0.00,100.00,100.00,100.00,95.98,0.00,2013-08-27,2013-09-02,1
20130820,06029,Kern County,CA,0.00,100.00,100.00,100.00,95.98,0.00,2013-08-20,2013-08-26,1
20130813,06029,Kern County,CA,0.00,100.00,100.00,100.00,95.98,0.00,2013-08-13,2013-08-19,1
20130806,06029,Kern County,CA,0.00,100.00,100.00,100.00,0.00,0.00,2013-08-06,2013-08-12,1
20130730,06029,Kern County,CA,0.00,100.00,100.00,100.00,0.00,0.00,2013-07-30,2013-08-05,1
20130723,06029,Kern County,CA,0.00,100.00,100.00,100.00,0.00,0.00,2013-07-23,2013-07-29,1
20130716,06029,Kern County,CA,0.00,100.00,100.00,100.00,0.00,0.00,2013-07-16,2013-07-22,1
20130709,06029,Kern County,CA,0.00,100.00,100.00,100.00,0.00,0.00,2013-07-09,2013-07-15,1
20130702,06029,Kern County,CA,0.00,100.00,100.00,100.00,0.00,0.00,2013-07-02,2013-07-08,1
20130625,06029,Kern County,CA,0.00,100.00,100.00,100.00,0.00,0.00,2013-06-25,2013-07-01,1
20130618,06029,Kern County,CA,0.00,100.00,100.00,100.00,0.00,0.00,2013-06-18,2013-06-24,1
20130611,06029,Kern County,CA,0.00,100.00,100.00,100.00,0.00,0.00,2013-06-11,2013-06-17,1
20130604,06029,Kern County,CA,0.00,100.00,100.00,100.00,0.00,0.00,2013-06-04,2013-06-10,1
20130528,06029,Kern County,CA,0.00,100.00,100.00,100.00,0.00,0.00,2013-05-28,2013-06-03,1
20130521,06029,Kern County,CA,0.00,100.00,100.00,100.00,0.00,0.00,2013-05-21,2013-05-27,1
20130514,06029,Kern County,CA,0.00,100.00,100.00,100.00,0.00,0.00,2013-05-14,2013-05-20,1
20130507,06029,Kern County,CA,0.00,100.00,100.00,100.00,0.00,0.00,2013-05-07,2013-05-13,1
20130430,06029,Kern County,CA,0.00,100.00,100.00,99.91,0.00,0.00,2013-04-30,2013-05-06,1
20130423,06029,Kern County,CA,0.00,100.00,100.00,99.91,0.00,0.00,2013-04-23,2013-04-29,1
20130416,06029,Kern County,CA,0.00,100.00,100.00,52.02,0.00,0.00,2013-04-16,2013-04-22,1
20130409,06029,Kern County,CA,0.00,100.00,100.00,52.02,0.00,0.00,2013-04-09,2013-04-15,1
20130402,06029,Kern County,CA,0.00,100.00,100.00,52.02,0.00,0.00,2013-04-02,2013-04-08,1
20130326,06029,Kern County,CA,0.00,100.00,100.00,52.02,0.00,0.00,2013-03-26,2013-04-01,1
20130319,06029,Kern County,CA,0.00,100.00,100.00,52.02,0.00,0.00,2013-03-19,2013-03-25,1
20130312,06029,Kern County,CA,0.00,100.00,100.00,52.02,0.00,0.00,2013-03-12,2013-03-18,1
20130305,06029,Kern County,CA,0.00,100.00,100.00,96.23,0.00,0.00,2013-03-05,2013-03-11,1
20130226,06029,Kern County,CA,0.00,100.00,100.00,96.23,0.00,0.00,2013-02-26,2013-03-04,1
20130219,06029,Kern County,CA,0.00,100.00,100.00,96.23,0.00,0.00,2013-02-19,2013-02-25,1
20130212,06029,Kern County,CA,0.00,100.00,100.00,96.23,0.00,0.00,2013-02-12,2013-02-18,1
20130205,06029,Kern County,CA,0.00,100.00,100.00,74.84,0.00,0.00,2013-02-05,2013-02-11,1
20130129,06029,Kern County,CA,0.00,100.00,100.00,74.84,0.00,0.00,2013-01-29,2013-02-04,1
20130122,06029,Kern County,CA,0.00,100.00,100.00,74.84,0.00,0.00,2013-01-22,2013-01-28,1
20130115,06029,Kern County,CA,0.00,100.00,100.00,74.84,0.00,0.00,2013-01-15,2013-01-21,1
20130108,06029,Kern County,CA,0.00,100.00,100.00,73.79,0.00,0.00,2013-01-08,2013-01-14,1
20130101,06029,Kern County,CA,0.00,100.00,100.00,73.79,0.00,0.00,2013-01-01,2013-01-07,1
20121225,06029,Kern County,CA,0.00,100.00,100.00,73.79,0.00,0.00,2012-12-25,2012-12-31,1
20121218,06029,Kern County,CA,0.00,100.00,100.00,74.71,0.00,0.00,2012-12-18,2012-12-24,1
20121211,06029,Kern County,CA,0.00,100.00,100.00,74.71,0.00,0.00,2012-12-11,2012-12-17,1
20121204,06029,Kern County,CA,0.00,100.00,100.00,74.71,0.00,0.00,2012-12-04,2012-12-10,1
20121127,06029,Kern County,CA,0.00,100.00,100.00,74.71,0.00,0.00,2012-11-27,2012-12-03,1
20121120,06029,Kern County,CA,0.00,100.00,100.00,15.22,0.00,0.00,2012-11-20,2012-11-26,1
20121113,06029,Kern County,CA,0.00,100.00,100.00,15.22,0.00,0.00,2012-11-13,2012-11-19,1
20121106,06029,Kern County,CA,0.00,100.00,100.00,15.22,0.00,0.00,2012-11-06,2012-11-12,1
20121030,06029,Kern County,CA,0.00,100.00,100.00,15.22,0.00,0.00,2012-10-30,2012-11-05,1
20121023,06029,Kern County,CA,0.00,100.00,100.00,15.22,0.00,0.00,2012-10-23,2012-10-29,1
20121016,06029,Kern County,CA,0.00,100.00,100.00,15.22,0.00,0.00,2012-10-16,2012-10-22,1
20121009,06029,Kern County,CA,0.00,100.00,100.00,15.22,0.00,0.00,2012-10-09,2012-10-15,1
20121002,06029,Kern County,CA,0.00,100.00,100.00,15.22,0.00,0.00,2012-10-02,2012-10-08,1
20120925,06029,Kern County,CA,0.00,100.00,100.00,15.22,0.00,0.00,2012-09-25,2012-10-01,1
20120918,06029,Kern County,CA,0.00,100.00,96.80,15.22,0.00,0.00,2012-09-18,2012-09-24,1
20120911,06029,Kern County,CA,0.00,100.00,97.26,15.55,0.00,0.00,2012-09-11,2012-09-17,1
20120904,06029,Kern County,CA,0.00,100.00,97.32,14.28,0.00,0.00,2012-09-04,2012-09-10,1
20120828,06029,Kern County,CA,0.00,100.00,97.21,12.98,0.00,0.00,2012-08-28,2012-09-03,1
20120821,06029,Kern County,CA,0.00,100.00,96.94,13.17,0.00,0.00,2012-08-21,2012-08-27,1
20120814,06029,Kern County,CA,0.00,100.00,59.18,5.14,0.00,0.00,2012-08-14,2012-08-20,1
20120807,06029,Kern County,CA,0.00,100.00,58.68,5.14,0.00,0.00,2012-08-07,2012-08-13,1
20120731,06029,Kern County,CA,0.00,100.00,58.68,5.25,0.00,0.00,2012-07-31,2012-08-06,1
20120724,06029,Kern County,CA,0.00,100.00,58.68,5.25,0.00,0.00,2012-07-24,2012-07-30,1
20120717,06029,Kern County,CA,0.00,100.00,58.68,5.25,0.00,0.00,2012-07-17,2012-07-23,1
20120710,06029,Kern County,CA,0.00,100.00,58.68,5.25,0.00,0.00,2012-07-10,2012-07-16,1
20120703,06029,Kern County,CA,0.00,100.00,59.12,5.25,0.00,0.00,2012-07-03,2012-07-09,1
20120626,06029,Kern County,CA,0.00,100.00,60.92,5.12,0.00,0.00,2012-06-26,2012-07-02,1
20120619,06029,Kern County,CA,0.00,100.00,60.92,5.12,0.00,0.00,2012-06-19,2012-06-25,1
20120612,06029,Kern County,CA,0.00,100.00,61.51,5.12,0.00,0.00,2012-06-12,2012-06-18,1
20120605,06029,Kern County,CA,0.00,100.00,61.51,5.12,0.00,0.00,2012-06-05,2012-06-11,1
20120529,06029,Kern County,CA,0.00,100.00,61.51,5.12,0.00,0.00,2012-05-29,2012-06-04,1
20120522,06029,Kern County,CA,0.00,100.00,61.51,5.12,0.00,0.00,2012-05-22,2012-05-28,1
20120515,06029,Kern County,CA,0.00,100.00,61.51,5.12,0.00,0.00,2012-05-15,2012-05-21,1
20120508,06029,Kern County,CA,0.00,100.00,61.51,5.12,0.00,0.00,2012-05-08,2012-05-14,1
20120501,06029,Kern County,CA,0.00,100.00,61.78,5.12,0.00,0.00,2012-05-01,2012-05-07,1
20120424,06029,Kern County,CA,0.00,100.00,61.78,5.16,0.00,0.00,2012-04-24,2012-04-30,1
20120417,06029,Kern County,CA,0.00,100.00,61.78,5.16,0.00,0.00,2012-04-17,2012-04-23,1
20120410,06029,Kern County,CA,0.00,100.00,100.00,68.07,0.00,0.00,2012-04-10,2012-04-16,1
20120403,06029,Kern County,CA,0.00,100.00,100.00,21.62,0.00,0.00,2012-04-03,2012-04-09,1
20120327,06029,Kern County,CA,0.00,100.00,100.00,21.62,0.00,0.00,2012-03-27,2012-04-02,1
20120320,06029,Kern County,CA,0.00,100.00,100.00,17.22,0.00,0.00,2012-03-20,2012-03-26,1
20120313,06029,Kern County,CA,0.00,100.00,100.00,17.22,0.00,0.00,2012-03-13,2012-03-19,1
20120306,06029,Kern County,CA,0.00,100.00,48.05,0.00,0.00,0.00,2012-03-06,2012-03-12,1
20120228,06029,Kern County,CA,0.00,100.00,48.05,0.00,0.00,0.00,2012-02-28,2012-03-05,1
20120221,06029,Kern County,CA,0.00,100.00,48.05,0.00,0.00,0.00,2012-02-21,2012-02-27,1
20120214,06029,Kern County,CA,11.30,88.70,0.00,0.00,0.00,0.00,2012-02-14,2012-02-20,1
20120207,06029,Kern County,CA,11.30,88.70,0.00,0.00,0.00,0.00,2012-02-07,2012-02-13,1
20120131,06029,Kern County,CA,11.30,88.70,0.00,0.00,0.00,0.00,2012-01-31,2012-02-06,1
20120124,06029,Kern County,CA,71.73,28.27,0.00,0.00,0.00,0.00,2012-01-24,2012-01-30,1
20120117,06029,Kern County,CA,71.73,28.27,0.00,0.00,0.00,0.00,2012-01-17,2012-01-23,1
20120110,06029,Kern County,CA,71.73,28.27,0.00,0.00,0.00,0.00,2012-01-10,2012-01-16,1
20120103,06029,Kern County,CA,79.68,20.32,0.00,0.00,0.00,0.00,2012-01-03,2012-01-09,1
20111227,06029,Kern County,CA,97.25,2.75,0.00,0.00,0.00,0.00,2011-12-27,2012-01-02,1
20111220,06029,Kern County,CA,100.00,0.00,0.00,0.00,0.00,0.00,2011-12-20,2011-12-26,1
20111213,06029,Kern County,CA,100.00,0.00,0.00,0.00,0.00,0.00,2011-12-13,2011-12-19,1
20111206,06029,Kern County,CA,100.00,0.00,0.00,0.00,0.00,0.00,2011-12-06,2011-12-12,1
20111129,06029,Kern County,CA,100.00,0.00,0.00,0.00,0.00,0.00,2011-11-29,2011-12-05,1
20111122,06029,Kern County,CA,100.00,0.00,0.00,0.00,0.00,0.00,2011-11-22,2011-11-28,1
20111115,06029,Kern County,CA,100.00,0.00,0.00,0.00,0.00,0.00,2011-11-15,2011-11-21,1
20111108,06029,Kern County,CA,100.00,0.00,0.00,0.00,0.00,0.00,2011-11-08,2011-11-14,1
20111101,06029,Kern County,CA,100.00,0.00,0.00,0.00,0.00,0.00,2011-11-01,2011-11-07,1
20111025,06029,Kern County,CA,100.00,0.00,0.00,0.00,0.00,0.00,2011-10-25,2011-10-31,1
20111018,06029,Kern County,CA,100.00,0.00,0.00,0.00,0.00,0.00,2011-10-18,2011-10-24,1
20111011,06029,Kern County,CA,100.00,0.00,0.00,0.00,0.00,0.00,2011-10-11,2011-10-17,1
20111004,06029,Kern County,CA,100.00,0.00,0.00,0.00,0.00,0.00,2011-10-04,2011-10-10,1
20110927,06029,Kern County,CA,100.00,0.00,0.00,0.00,0.00,0.00,2011-09-27,2011-10-03,1
20110920,06029,Kern County,CA,100.00,0.00,0.00,0.00,0.00,0.00,2011-09-20,2011-09-26,1
20110913,06029,Kern County,CA,100.00,0.00,0.00,0.00,0.00,0.00,2011-09-13,2011-09-19,1
20110906,06029,Kern County,CA,100.00,0.00,0.00,0.00,0.00,0.00,2011-09-06,2011-09-12,1
20110830,06029,Kern County,CA,100.00,0.00,0.00,0.00,0.00,0.00,2011-08-30,2011-09-05,1
20110823,06029,Kern County,CA,100.00,0.00,0.00,0.00,0.00,0.00,2011-08-23,2011-08-29,1
20110816,06029,Kern County,CA,100.00,0.00,0.00,0.00,0.00,0.00,2011-08-16,2011-08-22,1
20110809,06029,Kern County,CA,99.83,0.17,0.00,0.00,0.00,0.00,2011-08-09,2011-08-15,1
20110802,06029,Kern County,CA,99.83,0.17,0.00,0.00,0.00,0.00,2011-08-02,2011-08-08,1
20110726,06029,Kern County,CA,99.83,0.17,0.00,0.00,0.00,0.00,2011-07-26,2011-08-01,1
20110719,06029,Kern County,CA,99.83,0.17,0.00,0.00,0.00,0.00,2011-07-19,2011-07-25,1
20110712,06029,Kern County,CA,99.83,0.17,0.00,0.00,0.00,0.00,2011-07-12,2011-07-18,1
20110705,06029,Kern County,CA,99.83,0.17,0.00,0.00,0.00,0.00,2011-07-05,2011-07-11,1
20110628,06029,Kern County,CA,99.83,0.17,0.00,0.00,0.00,0.00,2011-06-28,2011-07-04,1
20110621,06029,Kern County,CA,100.00,0.00,0.00,0.00,0.00,0.00,2011-06-21,2011-06-27,1
20110614,06029,Kern County,CA,100.00,0.00,0.00,0.00,0.00,0.00,2011-06-14,2011-06-20,1
20110607,06029,Kern County,CA,100.00,0.00,0.00,0.00,0.00,0.00,2011-06-07,2011-06-13,1
20110531,06029,Kern County,CA,100.00,0.00,0.00,0.00,0.00,0.00,2011-05-31,2011-06-06,1
20110524,06029,Kern County,CA,100.00,0.00,0.00,0.00,0.00,0.00,2011-05-24,2011-05-30,1
20110517,06029,Kern County,CA,100.00,0.00,0.00,0.00,0.00,0.00,2011-05-17,2011-05-23,1
20110510,06029,Kern County,CA,100.00,0.00,0.00,0.00,0.00,0.00,2011-05-10,2011-05-16,1
20110503,06029,Kern County,CA,100.00,0.00,0.00,0.00,0.00,0.00,2011-05-03,2011-05-09,1
20110426,06029,Kern County,CA,100.00,0.00,0.00,0.00,0.00,0.00,2011-04-26,2011-05-02,1
20110419,06029,Kern County,CA,100.00,0.00,0.00,0.00,0.00,0.00,2011-04-19,2011-04-25,1
20110412,06029,Kern County,CA,100.00,0.00,0.00,0.00,0.00,0.00,2011-04-12,2011-04-18,1
20110405,06029,Kern County,CA,100.00,0.00,0.00,0.00,0.00,0.00,2011-04-05,2011-04-11,1
20110329,06029,Kern County,CA,100.00,0.00,0.00,0.00,0.00,0.00,2011-03-29,2011-04-04,1
20110322,06029,Kern County,CA,100.00,0.00,0.00,0.00,0.00,0.00,2011-03-22,2011-03-28,1
20110315,06029,Kern County,CA,100.00,0.00,0.00,0.00,0.00,0.00,2011-03-15,2011-03-21,1
20110308,06029,Kern County,CA,100.00,0.00,0.00,0.00,0.00,0.00,2011-03-08,2011-03-14,1
20110301,06029,Kern County,CA,100.00,0.00,0.00,0.00,0.00,0.00,2011-03-01,2011-03-07,1
20110222,06029,Kern County,CA,100.00,0.00,0.00,0.00,0.00,0.00,2011-02-22,2011-02-28,1
20110215,06029,Kern County,CA,100.00,0.00,0.00,0.00,0.00,0.00,2011-02-15,2011-02-21,1
20110208,06029,Kern County,CA,100.00,0.00,0.00,0.00,0.00,0.00,2011-02-08,2011-02-14,1
20110201,06029,Kern County,CA,100.00,0.00,0.00,0.00,0.00,0.00,2011-02-01,2011-02-07,1
20110125,06029,Kern County,CA,100.00,0.00,0.00,0.00,0.00,0.00,2011-01-25,2011-01-31,1
20110118,06029,Kern County,CA,100.00,0.00,0.00,0.00,0.00,0.00,2011-01-18,2011-01-24,1
20110111,06029,Kern County,CA,100.00,0.00,0.00,0.00,0.00,0.00,2011-01-11,2011-01-17,1
20110104,06029,Kern County,CA,100.00,0.00,0.00,0.00,0.00,0.00,2011-01-04,2011-01-10,1
20101228,06029,Kern County,CA,100.00,0.00,0.00,0.00,0.00,0.00,2010-12-28,2011-01-03,1
20101221,06029,Kern County,CA,100.00,0.00,0.00,0.00,0.00,0.00,2010-12-21,2010-12-27,1
20101214,06029,Kern County,CA,95.29,4.71,0.00,0.00,0.00,0.00,2010-12-14,2010-12-20,1
20101207,06029,Kern County,CA,95.29,4.71,0.00,0.00,0.00,0.00,2010-12-07,2010-12-13,1
20101130,06029,Kern County,CA,100.00,0.00,0.00,0.00,0.00,0.00,2010-11-30,2010-12-06,1
20101123,06029,Kern County,CA,100.00,0.00,0.00,0.00,0.00,0.00,2010-11-23,2010-11-29,1
20101116,06029,Kern County,CA,100.00,0.00,0.00,0.00,0.00,0.00,2010-11-16,2010-11-22,1
20101109,06029,Kern County,CA,100.00,0.00,0.00,0.00,0.00,0.00,2010-11-09,2010-11-15,1
20101102,06029,Kern County,CA,100.00,0.00,0.00,0.00,0.00,0.00,2010-11-02,2010-11-08,1
20101026,06029,Kern County,CA,100.00,0.00,0.00,0.00,0.00,0.00,2010-10-26,2010-11-01,1
20101019,06029,Kern County,CA,100.00,0.00,0.00,0.00,0.00,0.00,2010-10-19,2010-10-25,1
20101012,06029,Kern County,CA,100.00,0.00,0.00,0.00,0.00,0.00,2010-10-12,2010-10-18,1
20101005,06029,Kern County,CA,100.00,0.00,0.00,0.00,0.00,0.00,2010-10-05,2010-10-11,1
20100928,06029,Kern County,CA,100.00,0.00,0.00,0.00,0.00,0.00,2010-09-28,2010-10-04,1
20100921,06029,Kern County,CA,100.00,0.00,0.00,0.00,0.00,0.00,2010-09-21,2010-09-27,1
20100914,06029,Kern County,CA,100.00,0.00,0.00,0.00,0.00,0.00,2010-09-14,2010-09-20,1
20100907,06029,Kern County,CA,100.00,0.00,0.00,0.00,0.00,0.00,2010-09-07,2010-09-13,1
20100831,06029,Kern County,CA,100.00,0.00,0.00,0.00,0.00,0.00,2010-08-31,2010-09-06,1
20100824,06029,Kern County,CA,100.00,0.00,0.00,0.00,0.00,0.00,2010-08-24,2010-08-30,1
20100817,06029,Kern County,CA,100.00,0.00,0.00,0.00,0.00,0.00,2010-08-17,2010-08-23,1
20100810,06029,Kern County,CA,100.00,0.00,0.00,0.00,0.00,0.00,2010-08-10,2010-08-16,1
20100803,06029,Kern County,CA,100.00,0.00,0.00,0.00,0.00,0.00,2010-08-03,2010-08-09,1
20100727,06029,Kern County,CA,100.00,0.00,0.00,0.00,0.00,0.00,2010-07-27,2010-08-02,1
20100720,06029,Kern County,CA,100.00,0.00,0.00,0.00,0.00,0.00,2010-07-20,2010-07-26,1
20100713,06029,Kern County,CA,100.00,0.00,0.00,0.00,0.00,0.00,2010-07-13,2010-07-19,1
20100706,06029,Kern County,CA,100.00,0.00,0.00,0.00,0.00,0.00,2010-07-06,2010-07-12,1
20100629,06029,Kern County,CA,100.00,0.00,0.00,0.00,0.00,0.00,2010-06-29,2010-07-05,1
20100622,06029,Kern County,CA,100.00,0.00,0.00,0.00,0.00,0.00,2010-06-22,2010-06-28,1
20100615,06029,Kern County,CA,100.00,0.00,0.00,0.00,0.00,0.00,2010-06-15,2010-06-21,1
20100608,06029,Kern County,CA,100.00,0.00,0.00,0.00,0.00,0.00,2010-06-08,2010-06-14,1
20100601,06029,Kern County,CA,100.00,0.00,0.00,0.00,0.00,0.00,2010-06-01,2010-06-07,1
20100525,06029,Kern County,CA,100.00,0.00,0.00,0.00,0.00,0.00,2010-05-25,2010-05-31,1
20100518,06029,Kern County,CA,100.00,0.00,0.00,0.00,0.00,0.00,2010-05-18,2010-05-24,1
20100511,06029,Kern County,CA,54.60,45.40,0.00,0.00,0.00,0.00,2010-05-11,2010-05-17,1
20100504,06029,Kern County,CA,54.60,45.40,0.00,0.00,0.00,0.00,2010-05-04,2010-05-10,1
20100427,06029,Kern County,CA,54.60,45.40,0.00,0.00,0.00,0.00,2010-04-27,2010-05-03,1
20100420,06029,Kern County,CA,54.60,45.40,0.00,0.00,0.00,0.00,2010-04-20,2010-04-26,1
20100413,06029,Kern County,CA,54.60,45.40,0.00,0.00,0.00,0.00,2010-04-13,2010-04-19,1
20100406,06029,Kern County,CA,54.75,45.25,0.00,0.00,0.00,0.00,2010-04-06,2010-04-12,1
20100330,06029,Kern County,CA,54.75,45.25,0.00,0.00,0.00,0.00,2010-03-30,2010-04-05,1
20100323,06029,Kern County,CA,54.75,45.25,0.00,0.00,0.00,0.00,2010-03-23,2010-03-29,1
20100316,06029,Kern County,CA,54.75,45.25,0.00,0.00,0.00,0.00,2010-03-16,2010-03-22,1
20100309,06029,Kern County,CA,54.75,45.25,0.00,0.00,0.00,0.00,2010-03-09,2010-03-15,1
20100302,06029,Kern County,CA,54.75,45.25,0.00,0.00,0.00,0.00,2010-03-02,2010-03-08,1
20100223,06029,Kern County,CA,54.75,45.25,0.00,0.00,0.00,0.00,2010-02-23,2010-03-01,1
20100216,06029,Kern County,CA,54.75,45.25,0.00,0.00,0.00,0.00,2010-02-16,2010-02-22,1
20100209,06029,Kern County,CA,29.71,70.29,0.00,0.00,0.00,0.00,2010-02-09,2010-02-15,1
20100202,06029,Kern County,CA,29.71,70.29,0.00,0.00,0.00,0.00,2010-02-02,2010-02-08,1
20100126,06029,Kern County,CA,30.11,69.89,0.00,0.00,0.00,0.00,2010-01-26,2010-02-01,1
20100119,06029,Kern County,CA,0.00,100.00,98.65,0.00,0.00,0.00,2010-01-19,2010-01-25,1
20100112,06029,Kern County,CA,0.00,100.00,100.00,18.22,0.00,0.00,2010-01-12,2010-01-18,1
20100105,06029,Kern County,CA,0.00,100.00,100.00,0.22,0.00,0.00,2010-01-05,2010-01-11,1
20091229,06029,Kern County,CA,0.00,100.00,100.00,0.22,0.00,0.00,2009-12-29,2010-01-04,1
20091222,06029,Kern County,CA,0.00,100.00,100.00,0.22,0.00,0.00,2009-12-22,2009-12-28,1
20091215,06029,Kern County,CA,0.00,100.00,100.00,0.22,0.00,0.00,2009-12-15,2009-12-21,1
20091208,06029,Kern County,CA,0.00,100.00,100.00,91.54,0.00,0.00,2009-12-08,2009-12-14,1
20091201,06029,Kern County,CA,0.00,100.00,100.00,91.54,0.00,0.00,2009-12-01,2009-12-07,1
20091124,06029,Kern County,CA,0.00,100.00,100.00,91.54,0.00,0.00,2009-11-24,2009-11-30,1
20091117,06029,Kern County,CA,0.00,100.00,100.00,86.56,0.00,0.00,2009-11-17,2009-11-23,1
20091110,06029,Kern County,CA,0.00,100.00,100.00,86.56,0.00,0.00,2009-11-10,2009-11-16,1
20091103,06029,Kern County,CA,0.00,100.00,100.00,86.56,0.00,0.00,2009-11-03,2009-11-09,1
20091027,06029,Kern County,CA,0.00,100.00,96.72,86.56,0.00,0.00,2009-10-27,2009-11-02,1
20091020,06029,Kern County,CA,0.00,100.00,96.72,86.56,0.00,0.00,2009-10-20,2009-10-26,1
20091013,06029,Kern County,CA,0.00,100.00,100.00,82.16,0.00,0.00,2009-10-13,2009-10-19,1
20091006,06029,Kern County,CA,0.00,100.00,100.00,82.16,0.00,0.00,2009-10-06,2009-10-12,1
20090929,06029,Kern County,CA,0.00,100.00,100.00,82.16,0.00,0.00,2009-09-29,2009-10-05,1
20090922,06029,Kern County,CA,0.00,100.00,100.00,82.16,0.00,0.00,2009-09-22,2009-09-28,1
20090915,06029,Kern County,CA,0.00,100.00,100.00,82.16,0.00,0.00,2009-09-15,2009-09-21,1
20090908,06029,Kern County,CA,0.00,100.00,100.00,82.16,0.00,0.00,2009-09-08,2009-09-14,1
20090901,06029,Kern County,CA,0.00,100.00,100.00,82.16,0.00,0.00,2009-09-01,2009-09-07,1
20090825,06029,Kern County,CA,0.00,100.00,100.00,82.16,0.00,0.00,2009-08-25,2009-08-31,1
20090818,06029,Kern County,CA,0.00,100.00,100.00,82.16,0.00,0.00,2009-08-18,2009-08-24,1
20090811,06029,Kern County,CA,0.00,100.00,100.00,82.16,0.00,0.00,2009-08-11,2009-08-17,1
20090804,06029,Kern County,CA,0.00,100.00,100.00,82.16,0.00,0.00,2009-08-04,2009-08-10,1
20090728,06029,Kern County,CA,0.00,100.00,100.00,82.16,0.00,0.00,2009-07-28,2009-08-03,1
20090721,06029,Kern County,CA,0.00,100.00,100.00,82.16,0.00,0.00,2009-07-21,2009-07-27,1
20090714,06029,Kern County,CA,0.00,100.00,100.00,82.16,0.00,0.00,2009-07-14,2009-07-20,1
20090707,06029,Kern County,CA,0.00,100.00,100.00,82.16,0.00,0.00,2009-07-07,2009-07-13,1
20090630,06029,Kern County,CA,0.00,100.00,100.00,82.16,0.00,0.00,2009-06-30,2009-07-06,1
20090623,06029,Kern County,CA,0.00,100.00,100.00,82.16,0.00,0.00,2009-06-23,2009-06-29,1
20090616,06029,Kern County,CA,0.00,100.00,100.00,82.16,0.00,0.00,2009-06-16,2009-06-22,1
20090609,06029,Kern County,CA,0.00,100.00,100.00,82.16,0.00,0.00,2009-06-09,2009-06-15,1
20090602,06029,Kern County,CA,0.00,100.00,100.00,82.16,0.00,0.00,2009-06-02,2009-06-08,1
20090526,06029,Kern County,CA,0.00,100.00,99.99,79.43,0.00,0.00,2009-05-26,2009-06-01,1
20090519,06029,Kern County,CA,0.00,100.00,99.99,79.43,0.00,0.00,2009-05-19,2009-05-25,1
20090512,06029,Kern County,CA,0.00,100.00,99.99,79.43,0.00,0.00,2009-05-12,2009-05-18,1
20090505,06029,Kern County,CA,0.00,100.00,99.99,79.43,0.00,0.00,2009-05-05,2009-05-11,1
20090428,06029,Kern County,CA,0.00,100.00,99.99,79.43,0.00,0.00,2009-04-28,2009-05-04,1
20090421,06029,Kern County,CA,0.00,100.00,99.99,79.43,0.00,0.00,2009-04-21,2009-04-27,1
20090414,06029,Kern County,CA,0.00,100.00,99.97,45.26,0.00,0.00,2009-04-14,2009-04-20,1
20090407,06029,Kern County,CA,0.00,100.00,99.97,45.26,0.00,0.00,2009-04-07,2009-04-13,1
20090331,06029,Kern County,CA,0.00,100.00,87.83,27.63,0.00,0.00,2009-03-31,2009-04-06,1
20090324,06029,Kern County,CA,0.00,100.00,87.83,27.63,0.00,0.00,2009-03-24,2009-03-30,1
20090317,06029,Kern County,CA,0.00,100.00,87.83,27.63,0.00,0.00,2009-03-17,2009-03-23,1
20090310,06029,Kern County,CA,0.00,100.00,87.83,27.63,0.00,0.00,2009-03-10,2009-03-16,1
20090303,06029,Kern County,CA,0.00,100.00,100.00,71.59,0.00,0.00,2009-03-03,2009-03-09,1
20090224,06029,Kern County,CA,0.00,100.00,100.00,98.75,0.00,0.00,2009-02-24,2009-03-02,1
20090217,06029,Kern County,CA,0.00,100.00,100.00,98.75,0.00,0.00,2009-02-17,2009-02-23,1
20090210,06029,Kern County,CA,0.00,100.00,100.00,99.94,0.00,0.00,2009-02-10,2009-02-16,1
20090203,06029,Kern County,CA,0.00,100.00,100.00,99.94,0.00,0.00,2009-02-03,2009-02-09,1
20090127,06029,Kern County,CA,0.00,100.00,100.00,99.94,0.00,0.00,2009-01-27,2009-02-02,1
20090120,06029,Kern County,CA,0.00,100.00,100.00,99.94,0.00,0.00,2009-01-20,2009-01-26,1
20090113,06029,Kern County,CA,0.00,100.00,100.00,99.94,0.00,0.00,2009-01-13,2009-01-19,1
20090106,06029,Kern County,CA,0.00,100.00,100.00,99.94,0.00,0.00,2009-01-06,2009-01-12,1
20081230,06029,Kern County,CA,0.00,100.00,100.00,100.00,0.00,0.00,2008-12-30,2009-01-05,1
20081223,06029,Kern County,CA,0.00,100.00,100.00,100.00,0.00,0.00,2008-12-23,2008-12-29,1
20081216,06029,Kern County,CA,0.00,100.00,100.00,100.00,0.00,0.00,2008-12-16,2008-12-22,1
20081209,06029,Kern County,CA,0.00,100.00,100.00,100.00,0.00,0.00,2008-12-09,2008-12-15,1
20081202,06029,Kern County,CA,0.00,100.00,100.00,100.00,0.00,0.00,2008-12-02,2008-12-08,1
20081125,06029,Kern County,CA,0.00,100.00,100.00,100.00,0.00,0.00,2008-11-25,2008-12-01,1
20081118,06029,Kern County,CA,0.00,100.00,100.00,100.00,0.00,0.00,2008-11-18,2008-11-24,1
20081111,06029,Kern County,CA,0.00,100.00,100.00,100.00,0.00,0.00,2008-11-11,2008-11-17,1
20081104,06029,Kern County,CA,0.00,100.00,100.00,100.00,0.00,0.00,2008-11-04,2008-11-10,1
20081028,06029,Kern County,CA,0.00,100.00,100.00,100.00,0.00,0.00,2008-10-28,2008-11-03,1
20081021,06029,Kern County,CA,0.00,100.00,100.00,100.00,0.00,0.00,2008-10-21,2008-10-27,1
20081014,06029,Kern County,CA,0.00,100.00,100.00,97.66,0.00,0.00,2008-10-14,2008-10-20,1
20081007,06029,Kern County,CA,0.00,100.00,100.00,97.56,0.00,0.00,2008-10-07,2008-10-13,1
20080930,06029,Kern County,CA,0.00,100.00,100.00,97.56,0.00,0.00,2008-09-30,2008-10-06,1
20080923,06029,Kern County,CA,0.00,100.00,100.00,97.56,0.00,0.00,2008-09-23,2008-09-29,1
20080916,06029,Kern County,CA,0.00,100.00,100.00,97.56,0.00,0.00,2008-09-16,2008-09-22,1
20080909,06029,Kern County,CA,0.00,100.00,100.00,97.56,0.00,0.00,2008-09-09,2008-09-15,1
20080902,06029,Kern County,CA,0.00,100.00,100.00,97.56,0.00,0.00,2008-09-02,2008-09-08,1
20080826,06029,Kern County,CA,0.00,100.00,100.00,97.68,0.00,0.00,2008-08-26,2008-09-01,1
20080819,06029,Kern County,CA,0.00,100.00,100.00,97.68,0.00,0.00,2008-08-19,2008-08-25,1
20080812,06029,Kern County,CA,0.00,100.00,100.00,97.68,0.00,0.00,2008-08-12,2008-08-18,1
20080805,06029,Kern County,CA,0.00,100.00,100.00,97.68,0.00,0.00,2008-08-05,2008-08-11,1
20080729,06029,Kern County,CA,0.00,100.00,100.00,97.68,0.00,0.00,2008-07-29,2008-08-04,1
20080722,06029,Kern County,CA,0.00,100.00,100.00,97.68,0.00,0.00,2008-07-22,2008-07-28,1
20080715,06029,Kern County,CA,0.00,100.00,100.00,97.68,0.00,0.00,2008-07-15,2008-07-21,1
20080708,06029,Kern County,CA,0.00,100.00,100.00,97.68,0.00,0.00,2008-07-08,2008-07-14,1
20080701,06029,Kern County,CA,0.00,100.00,100.00,97.68,0.00,0.00,2008-07-01,2008-07-07,1
20080624,06029,Kern County,CA,0.00,100.00,100.00,97.68,0.00,0.00,2008-06-24,2008-06-30,1
20080617,06029,Kern County,CA,0.00,100.00,100.00,97.68,0.00,0.00,2008-06-17,2008-06-23,1
20080610,06029,Kern County,CA,0.00,100.00,99.62,80.62,0.00,0.00,2008-06-10,2008-06-16,1
20080603,06029,Kern County,CA,0.00,100.00,99.62,80.62,0.00,0.00,2008-06-03,2008-06-09,1
20080527,06029,Kern County,CA,0.00,100.00,99.62,80.62,0.00,0.00,2008-05-27,2008-06-02,1
20080520,06029,Kern County,CA,0.00,100.00,99.62,80.62,0.00,0.00,2008-05-20,2008-05-26,1
20080513,06029,Kern County,CA,0.00,100.00,99.62,80.62,0.00,0.00,2008-05-13,2008-05-19,1
20080506,06029,Kern County,CA,0.00,100.00,99.62,80.62,0.00,0.00,2008-05-06,2008-05-12,1
20080429,06029,Kern County,CA,0.00,100.00,99.56,80.62,0.00,0.00,2008-04-29,2008-05-05,1
20080422,06029,Kern County,CA,0.00,100.00,99.56,36.64,0.00,0.00,2008-04-22,2008-04-28,1
20080415,06029,Kern County,CA,0.00,100.00,99.56,36.64,0.00,0.00,2008-04-15,2008-04-21,1
20080408,06029,Kern County,CA,0.00,100.00,99.56,36.64,0.00,0.00,2008-04-08,2008-04-14,1
20080401,06029,Kern County,CA,0.00,100.00,98.63,22.11,0.00,0.00,2008-04-01,2008-04-07,1
20080325,06029,Kern County,CA,0.00,100.00,98.63,22.11,0.00,0.00,2008-03-25,2008-03-31,1
20080318,06029,Kern County,CA,0.00,100.00,98.63,22.11,0.00,0.00,2008-03-18,2008-03-24,1
20080311,06029,Kern County,CA,0.00,100.00,98.63,22.11,0.00,0.00,2008-03-11,2008-03-17,1
20080304,06029,Kern County,CA,0.00,100.00,98.63,22.11,0.00,0.00,2008-03-04,2008-03-10,1
20080226,06029,Kern County,CA,0.00,100.00,98.63,22.11,0.00,0.00,2008-02-26,2008-03-03,1
20080219,06029,Kern County,CA,0.00,100.00,98.69,34.91,0.00,0.00,2008-02-19,2008-02-25,1
20080212,06029,Kern County,CA,0.00,100.00,98.69,34.91,0.00,0.00,2008-02-12,2008-02-18,1
20080205,06029,Kern County,CA,0.00,100.00,97.97,34.91,0.00,0.00,2008-02-05,2008-02-11,1
20080129,06029,Kern County,CA,0.00,100.00,98.67,29.60,0.00,0.00,2008-01-29,2008-02-04,1
20080122,06029,Kern County,CA,0.00,100.00,100.00,52.67,0.00,0.00,2008-01-22,2008-01-28,1
20080115,06029,Kern County,CA,0.00,100.00,100.00,52.67,0.00,0.00,2008-01-15,2008-01-21,1
20080108,06029,Kern County,CA,0.00,100.00,100.00,52.67,0.00,0.00,2008-01-08,2008-01-14,1
20080101,06029,Kern County,CA,0.00,100.00,100.00,100.00,35.25,0.00,2008-01-01,2008-01-07,1
20071225,06029,Kern County,CA,0.00,100.00,100.00,100.00,35.25,0.00,2007-12-25,2007-12-31,1
20071218,06029,Kern County,CA,0.00,100.00,100.00,100.00,35.25,0.00,2007-12-18,2007-12-24,1
20071211,06029,Kern County,CA,0.00,100.00,100.00,100.00,35.25,0.00,2007-12-11,2007-12-17,1
20071204,06029,Kern County,CA,0.00,100.00,100.00,100.00,35.25,0.00,2007-12-04,2007-12-10,1
20071127,06029,Kern County,CA,0.00,100.00,100.00,100.00,35.25,0.00,2007-11-27,2007-12-03,1
20071120,06029,Kern County,CA,0.00,100.00,100.00,100.00,35.25,0.00,2007-11-20,2007-11-26,1
20071113,06029,Kern County,CA,0.00,100.00,100.00,100.00,35.25,0.00,2007-11-13,2007-11-19,1
20071106,06029,Kern County,CA,0.00,100.00,100.00,100.00,35.25,0.00,2007-11-06,2007-11-12,1
20071030,06029,Kern County,CA,0.00,100.00,100.00,100.00,35.25,0.00,2007-10-30,2007-11-05,1
20071023,06029,Kern County,CA,0.00,100.00,100.00,100.00,35.25,0.00,2007-10-23,2007-10-29,1
20071016,06029,Kern County,CA,0.00,100.00,100.00,100.00,35.25,0.00,2007-10-16,2007-10-22,1
20071009,06029,Kern County,CA,0.00,100.00,100.00,100.00,35.25,0.00,2007-10-09,2007-10-15,1
20071002,06029,Kern County,CA,0.00,100.00,100.00,100.00,35.25,0.00,2007-10-02,2007-10-08,1
20070925,06029,Kern County,CA,0.00,100.00,100.00,100.00,35.25,0.00,2007-09-25,2007-10-01,1
20070918,06029,Kern County,CA,0.00,100.00,100.00,100.00,35.25,0.00,2007-09-18,2007-09-24,1
20070911,06029,Kern County,CA,0.00,100.00,100.00,100.00,35.25,0.00,2007-09-11,2007-09-17,1
20070904,06029,Kern County,CA,0.00,100.00,100.00,100.00,35.25,0.00,2007-09-04,2007-09-10,1
20070828,06029,Kern County,CA,0.00,100.00,100.00,100.00,35.25,0.00,2007-08-28,2007-09-03,1
20070821,06029,Kern County,CA,0.00,100.00,100.00,100.00,35.25,0.00,2007-08-21,2007-08-27,1
20070814,06029,Kern County,CA,0.00,100.00,100.00,100.00,35.25,0.00,2007-08-14,2007-08-20,1
20070807,06029,Kern County,CA,0.00,100.00,100.00,100.00,35.25,0.00,2007-08-07,2007-08-13,1
20070731,06029,Kern County,CA,0.00,100.00,100.00,100.00,35.25,0.00,2007-07-31,2007-08-06,1
20070724,06029,Kern County,CA,0.00,100.00,100.00,100.00,35.25,0.00,2007-07-24,2007-07-30,1
20070717,06029,Kern County,CA,0.00,100.00,100.00,100.00,35.25,0.00,2007-07-17,2007-07-23,1
20070710,06029,Kern County,CA,0.00,100.00,100.00,100.00,35.25,0.00,2007-07-10,2007-07-16,1
20070703,06029,Kern County,CA,0.00,100.00,100.00,100.00,35.25,0.00,2007-07-03,2007-07-09,1
20070626,06029,Kern County,CA,0.00,100.00,100.00,100.00,35.25,0.00,2007-06-26,2007-07-02,1
20070619,06029,Kern County,CA,0.00,100.00,100.00,100.00,35.25,0.00,2007-06-19,2007-06-25,1
20070612,06029,Kern County,CA,0.00,100.00,100.00,100.00,35.44,0.00,2007-06-12,2007-06-18,1
20070605,06029,Kern County,CA,0.00,100.00,100.00,100.00,35.44,0.00,2007-06-05,2007-06-11,1
20070529,06029,Kern County,CA,0.00,100.00,100.00,100.00,35.44,0.00,2007-05-29,2007-06-04,1
20070522,06029,Kern County,CA,0.00,100.00,100.00,100.00,35.44,0.00,2007-05-22,2007-05-28,1
20070515,06029,Kern County,CA,0.00,100.00,100.00,100.00,35.07,0.00,2007-05-15,2007-05-21,1
20070508,06029,Kern County,CA,0.00,100.00,100.00,100.00,35.07,0.00,2007-05-08,2007-05-14,1
20070501,06029,Kern County,CA,0.00,100.00,100.00,100.00,35.07,0.00,2007-05-01,2007-05-07,1
20070424,06029,Kern County,CA,0.00,100.00,100.00,100.00,35.07,0.00,2007-04-24,2007-04-30,1
20070417,06029,Kern County,CA,0.00,100.00,100.00,100.00,35.07,0.00,2007-04-17,2007-04-23,1
20070410,06029,Kern County,CA,0.00,100.00,100.00,68.72,5.19,0.00,2007-04-10,2007-04-16,1
20070403,06029,Kern County,CA,0.00,100.00,100.00,49.10,5.19,0.00,2007-04-03,2007-04-09,1
20070327,06029,Kern County,CA,0.00,100.00,100.00,49.10,5.19,0.00,2007-03-27,2007-04-02,1
20070320,06029,Kern County,CA,0.00,100.00,100.00,49.10,5.19,0.00,2007-03-20,2007-03-26,1
20070313,06029,Kern County,CA,0.00,100.00,100.00,49.10,5.19,0.00,2007-03-13,2007-03-19,1
20070306,06029,Kern County,CA,0.00,100.00,100.00,30.75,0.00,0.00,2007-03-06,2007-03-12,1
20070227,06029,Kern County,CA,0.00,100.00,100.00,30.75,0.00,0.00,2007-02-27,2007-03-05,1
20070220,06029,Kern County,CA,0.00,100.00,100.00,42.33,0.00,0.00,2007-02-20,2007-02-26,1
20070213,06029,Kern County,CA,0.00,100.00,100.00,43.26,0.00,0.00,2007-02-13,2007-02-19,1
20070206,06029,Kern County,CA,0.00,100.00,100.00,3.03,0.00,0.00,2007-02-06,2007-02-12,1
20070130,06029,Kern County,CA,0.00,100.00,100.00,2.35,0.00,0.00,2007-01-30,2007-02-05,1
20070123,06029,Kern County,CA,0.00,100.00,60.77,0.00,0.00,0.00,2007-01-23,2007-01-29,1
20070116,06029,Kern County,CA,0.00,100.00,10.12,0.00,0.00,0.00,2007-01-16,2007-01-22,1
20070109,06029,Kern County,CA,0.00,100.00,10.12,0.00,0.00,0.00,2007-01-09,2007-01-15,1
20070102,06029,Kern County,CA,0.00,100.00,10.12,0.00,0.00,0.00,2007-01-02,2007-01-08,1
20061226,06029,Kern County,CA,0.00,100.00,0.00,0.00,0.00,0.00,2006-12-26,2007-01-01,1
20061219,06029,Kern County,CA,0.00,100.00,0.00,0.00,0.00,0.00,2006-12-19,2006-12-25,1
20061212,06029,Kern County,CA,0.00,100.00,0.00,0.00,0.00,0.00,2006-12-12,2006-12-18,1
20061205,06029,Kern County,CA,0.00,100.00,0.00,0.00,0.00,0.00,2006-12-05,2006-12-11,1
20061128,06029,Kern County,CA,93.40,6.60,0.00,0.00,0.00,0.00,2006-11-28,2006-12-04,1
20061121,06029,Kern County,CA,93.40,6.60,0.00,0.00,0.00,0.00,2006-11-21,2006-11-27,1
20061114,06029,Kern County,CA,100.00,0.00,0.00,0.00,0.00,0.00,2006-11-14,2006-11-20,1
20061107,06029,Kern County,CA,100.00,0.00,0.00,0.00,0.00,0.00,2006-11-07,2006-11-13,1
20061031,06029,Kern County,CA,100.00,0.00,0.00,0.00,0.00,0.00,2006-10-31,2006-11-06,1
20061024,06029,Kern County,CA,100.00,0.00,0.00,0.00,0.00,0.00,2006-10-24,2006-10-30,1
20061017,06029,Kern County,CA,100.00,0.00,0.00,0.00,0.00,0.00,2006-10-17,2006-10-23,1
20061010,06029,Kern County,CA,100.00,0.00,0.00,0.00,0.00,0.00,2006-10-10,2006-10-16,1
20061003,06029,Kern County,CA,100.00,0.00,0.00,0.00,0.00,0.00,2006-10-03,2006-10-09,1
20060926,06029,Kern County,CA,100.00,0.00,0.00,0.00,0.00,0.00,2006-09-26,2006-10-02,1
20060919,06029,Kern County,CA,100.00,0.00,0.00,0.00,0.00,0.00,2006-09-19,2006-09-25,1
20060912,06029,Kern County,CA,100.00,0.00,0.00,0.00,0.00,0.00,2006-09-12,2006-09-18,1
20060905,06029,Kern County,CA,100.00,0.00,0.00,0.00,0.00,0.00,2006-09-05,2006-09-11,1
20060829,06029,Kern County,CA,100.00,0.00,0.00,0.00,0.00,0.00,2006-08-29,2006-09-04,1
20060822,06029,Kern County,CA,100.00,0.00,0.00,0.00,0.00,0.00,2006-08-22,2006-08-28,1
20060815,06029,Kern County,CA,100.00,0.00,0.00,0.00,0.00,0.00,2006-08-15,2006-08-21,1
20060808,06029,Kern County,CA,100.00,0.00,0.00,0.00,0.00,0.00,2006-08-08,2006-08-14,1
20060801,06029,Kern County,CA,100.00,0.00,0.00,0.00,0.00,0.00,2006-08-01,2006-08-07,1
20060725,06029,Kern County,CA,100.00,0.00,0.00,0.00,0.00,0.00,2006-07-25,2006-07-31,1
20060718,06029,Kern County,CA,100.00,0.00,0.00,0.00,0.00,0.00,2006-07-18,2006-07-24,1
20060711,06029,Kern County,CA,100.00,0.00,0.00,0.00,0.00,0.00,2006-07-11,2006-07-17,1
20060704,06029,Kern County,CA,100.00,0.00,0.00,0.00,0.00,0.00,2006-07-04,2006-07-10,1
20060627,06029,Kern County,CA,100.00,0.00,0.00,0.00,0.00,0.00,2006-06-27,2006-07-03,1
20060620,06029,Kern County,CA,100.00,0.00,0.00,0.00,0.00,0.00,2006-06-20,2006-06-26,1
20060613,06029,Kern County,CA,100.00,0.00,0.00,0.00,0.00,0.00,2006-06-13,2006-06-19,1
20060606,06029,Kern County,CA,100.00,0.00,0.00,0.00,0.00,0.00,2006-06-06,2006-06-12,1
20060530,06029,Kern County,CA,100.00,0.00,0.00,0.00,0.00,0.00,2006-05-30,2006-06-05,1
20060523,06029,Kern County,CA,100.00,0.00,0.00,0.00,0.00,0.00,2006-05-23,2006-05-29,1
20060516,06029,Kern County,CA,100.00,0.00,0.00,0.00,0.00,0.00,2006-05-16,2006-05-22,1
20060509,06029,Kern County,CA,100.00,0.00,0.00,0.00,0.00,0.00,2006-05-09,2006-05-15,1
20060502,06029,Kern County,CA,100.00,0.00,0.00,0.00,0.00,0.00,2006-05-02,2006-05-08,1
20060425,06029,Kern County,CA,100.00,0.00,0.00,0.00,0.00,0.00,2006-04-25,2006-05-01,1
20060418,06029,Kern County,CA,100.00,0.00,0.00,0.00,0.00,0.00,2006-04-18,2006-04-24,1
20060411,06029,Kern County,CA,100.00,0.00,0.00,0.00,0.00,0.00,2006-04-11,2006-04-17,1
20060404,06029,Kern County,CA,100.00,0.00,0.00,0.00,0.00,0.00,2006-04-04,2006-04-10,1
20060328,06029,Kern County,CA,100.00,0.00,0.00,0.00,0.00,0.00,2006-03-28,2006-04-03,1
20060321,06029,Kern County,CA,85.49,14.51,0.00,0.00,0.00,0.00,2006-03-21,2006-03-27,1
20060314,06029,Kern County,CA,85.49,14.51,0.00,0.00,0.00,0.00,2006-03-14,2006-03-20,1
20060307,06029,Kern County,CA,81.32,18.68,0.00,0.00,0.00,0.00,2006-03-07,2006-03-13,1
20060228,06029,Kern County,CA,81.32,18.68,0.00,0.00,0.00,0.00,2006-02-28,2006-03-06,1
20060221,06029,Kern County,CA,100.00,0.00,0.00,0.00,0.00,0.00,2006-02-21,2006-02-27,1
20060214,06029,Kern County,CA,100.00,0.00,0.00,0.00,0.00,0.00,2006-02-14,2006-02-20,1
20060207,06029,Kern County,CA,100.00,0.00,0.00,0.00,0.00,0.00,2006-02-07,2006-02-13,1
20060131,06029,Kern County,CA,100.00,0.00,0.00,0.00,0.00,0.00,2006-01-31,2006-02-06,1
20060124,06029,Kern County,CA,100.00,0.00,0.00,0.00,0.00,0.00,2006-01-24,2006-01-30,1
20060117,06029,Kern County,CA,100.00,0.00,0.00,0.00,0.00,0.00,2006-01-17,2006-01-23,1
20060110,06029,Kern County,CA,100.00,0.00,0.00,0.00,0.00,0.00,2006-01-10,2006-01-16,1
20060103,06029,Kern County,CA,100.00,0.00,0.00,0.00,0.00,0.00,2006-01-03,2006-01-09,1
20051227,06029,Kern County,CA,92.95,7.05,0.00,0.00,0.00,0.00,2005-12-27,2006-01-02,1
20051220,06029,Kern County,CA,92.95,7.05,0.00,0.00,0.00,0.00,2005-12-20,2005-12-26,1
20051213,06029,Kern County,CA,87.79,12.21,0.00,0.00,0.00,0.00,2005-12-13,2005-12-19,1
20051206,06029,Kern County,CA,87.79,12.21,0.00,0.00,0.00,0.00,2005-12-06,2005-12-12,1
20051129,06029,Kern County,CA,91.09,8.91,0.00,0.00,0.00,0.00,2005-11-29,2005-12-05,1
20051122,06029,Kern County,CA,100.00,0.00,0.00,0.00,0.00,0.00,2005-11-22,2005-11-28,1
20051115,06029,Kern County,CA,100.00,0.00,0.00,0.00,0.00,0.00,2005-11-15,2005-11-21,1
20051108,06029,Kern County,CA,100.00,0.00,0.00,0.00,0.00,0.00,2005-11-08,2005-11-14,1
20051101,06029,Kern County,CA,100.00,0.00,0.00,0.00,0.00,0.00,2005-11-01,2005-11-07,1
20051025,06029,Kern County,CA,100.00,0.00,0.00,0.00,0.00,0.00,2005-10-25,2005-10-31,1
20051018,06029,Kern County,CA,100.00,0.00,0.00,0.00,0.00,0.00,2005-10-18,2005-10-24,1
20051011,06029,Kern County,CA,100.00,0.00,0.00,0.00,0.00,0.00,2005-10-11,2005-10-17,1
20051004,06029,Kern County,CA,100.00,0.00,0.00,0.00,0.00,0.00,2005-10-04,2005-10-10,1
20050927,06029,Kern County,CA,100.00,0.00,0.00,0.00,0.00,0.00,2005-09-27,2005-10-03,1
20050920,06029,Kern County,CA,100.00,0.00,0.00,0.00,0.00,0.00,2005-09-20,2005-09-26,1
20050913,06029,Kern County,CA,100.00,0.00,0.00,0.00,0.00,0.00,2005-09-13,2005-09-19,1
20050906,06029,Kern County,CA,100.00,0.00,0.00,0.00,0.00,0.00,2005-09-06,2005-09-12,1
20050830,06029,Kern County,CA,100.00,0.00,0.00,0.00,0.00,0.00,2005-08-30,2005-09-05,1
20050823,06029,Kern County,CA,100.00,0.00,0.00,0.00,0.00,0.00,2005-08-23,2005-08-29,1
20050816,06029,Kern County,CA,100.00,0.00,0.00,0.00,0.00,0.00,2005-08-16,2005-08-22,1
20050809,06029,Kern County,CA,100.00,0.00,0.00,0.00,0.00,0.00,2005-08-09,2005-08-15,1
20050802,06029,Kern County,CA,100.00,0.00,0.00,0.00,0.00,0.00,2005-08-02,2005-08-08,1
20050726,06029,Kern County,CA,100.00,0.00,0.00,0.00,0.00,0.00,2005-07-26,2005-08-01,1
20050719,06029,Kern County,CA,100.00,0.00,0.00,0.00,0.00,0.00,2005-07-19,2005-07-25,1
20050712,06029,Kern County,CA,100.00,0.00,0.00,0.00,0.00,0.00,2005-07-12,2005-07-18,1
20050705,06029,Kern County,CA,100.00,0.00,0.00,0.00,0.00,0.00,2005-07-05,2005-07-11,1
20050628,06029,Kern County,CA,100.00,0.00,0.00,0.00,0.00,0.00,2005-06-28,2005-07-04,1
20050621,06029,Kern County,CA,100.00,0.00,0.00,0.00,0.00,0.00,2005-06-21,2005-06-27,1
20050614,06029,Kern County,CA,100.00,0.00,0.00,0.00,0.00,0.00,2005-06-14,2005-06-20,1
20050607,06029,Kern County,CA,100.00,0.00,0.00,0.00,0.00,0.00,2005-06-07,2005-06-13,1
20050531,06029,Kern County,CA,100.00,0.00,0.00,0.00,0.00,0.00,2005-05-31,2005-06-06,1
20050524,06029,Kern County,CA,100.00,0.00,0.00,0.00,0.00,0.00,2005-05-24,2005-05-30,1
20050517,06029,Kern County,CA,100.00,0.00,0.00,0.00,0.00,0.00,2005-05-17,2005-05-23,1
20050510,06029,Kern County,CA,100.00,0.00,0.00,0.00,0.00,0.00,2005-05-10,2005-05-16,1
20050503,06029,Kern County,CA,100.00,0.00,0.00,0.00,0.00,0.00,2005-05-03,2005-05-09,1
20050426,06029,Kern County,CA,100.00,0.00,0.00,0.00,0.00,0.00,2005-04-26,2005-05-02,1
20050419,06029,Kern County,CA,100.00,0.00,0.00,0.00,0.00,0.00,2005-04-19,2005-04-25,1
20050412,06029,Kern County,CA,100.00,0.00,0.00,0.00,0.00,0.00,2005-04-12,2005-04-18,1
20050405,06029,Kern County,CA,100.00,0.00,0.00,0.00,0.00,0.00,2005-04-05,2005-04-11,1
20050329,06029,Kern County,CA,100.00,0.00,0.00,0.00,0.00,0.00,2005-03-29,2005-04-04,1
20050322,06029,Kern County,CA,100.00,0.00,0.00,0.00,0.00,0.00,2005-03-22,2005-03-28,1
20050315,06029,Kern County,CA,100.00,0.00,0.00,0.00,0.00,0.00,2005-03-15,2005-03-21,1
20050308,06029,Kern County,CA,100.00,0.00,0.00,0.00,0.00,0.00,2005-03-08,2005-03-14,1
20050301,06029,Kern County,CA,100.00,0.00,0.00,0.00,0.00,0.00,2005-03-01,2005-03-07,1
20050222,06029,Kern County,CA,100.00,0.00,0.00,0.00,0.00,0.00,2005-02-22,2005-02-28,1
20050215,06029,Kern County,CA,100.00,0.00,0.00,0.00,0.00,0.00,2005-02-15,2005-02-21,1
20050208,06029,Kern County,CA,100.00,0.00,0.00,0.00,0.00,0.00,2005-02-08,2005-02-14,1
20050201,06029,Kern County,CA,100.00,0.00,0.00,0.00,0.00,0.00,2005-02-01,2005-02-07,1
20050125,06029,Kern County,CA,100.00,0.00,0.00,0.00,0.00,0.00,2005-01-25,2005-01-31,1
20050118,06029,Kern County,CA,100.00,0.00,0.00,0.00,0.00,0.00,2005-01-18,2005-01-24,1
20050111,06029,Kern County,CA,100.00,0.00,0.00,0.00,0.00,0.00,2005-01-11,2005-01-17,1
20050104,06029,Kern County,CA,100.00,0.00,0.00,0.00,0.00,0.00,2005-01-04,2005-01-10,1
20041228,06029,Kern County,CA,16.05,83.95,0.00,0.00,0.00,0.00,2004-12-28,2005-01-03,1
