,feature,window_size,rmse,run
0,FIRE_Acres_Burned,1,2.686276435852051,0
1,FIRE_Acres_Burned,1,2.680755853652954,1
2,FIRE_Acres_Burned,1,2.6806182861328125,2
3,FIRE_Acres_Burned,1,2.6618807315826416,3
4,FIRE_Acres_Burned,1,2.637530565261841,4
5,FIRE_Acres_Burned,1,2.6552045345306396,5
6,FIRE_Acres_Burned,1,2.652224063873291,6
7,FIRE_Acres_Burned,1,2.6587178707122803,7
8,FIRE_Acres_Burned,1,2.6824843883514404,8
9,FIRE_Acres_Burned,1,2.634326219558716,9
10,FIRE_Acres_Burned,1,2.6752822399139404,10
11,FIRE_Acres_Burned,1,2.66359543800354,11
12,FIRE_Acres_Burned,1,2.7030014991760254,12
13,FIRE_Acres_Burned,1,2.69889497756958,13
14,FIRE_Acres_Burned,1,2.668649673461914,14
15,FIRE_Acres_Burned,1,2.6606197357177734,15
16,FIRE_Acres_Burned,1,2.6793253421783447,16
17,FIRE_Acres_Burned,1,2.6741786003112793,17
18,FIRE_Acres_Burned,1,2.6412858963012695,18
19,FIRE_Acres_Burned,1,2.6957509517669678,19
20,FIRE_Acres_Burned,1,2.6409265995025635,20
21,FIRE_Acres_Burned,1,2.644655466079712,21
22,FIRE_Acres_Burned,1,2.677499771118164,22
23,FIRE_Acres_Burned,1,2.6577742099761963,23
24,FIRE_Acres_Burned,1,2.7228875160217285,24
25,FIRE_Acres_Burned,1,2.675039291381836,25
26,FIRE_Acres_Burned,1,2.6570026874542236,26
27,FIRE_Acres_Burned,1,2.674787759780884,27
28,FIRE_Acres_Burned,1,2.679199457168579,28
29,FIRE_Acres_Burned,1,2.642064332962036,29
30,FIRE_Acres_Burned,1,2.651414155960083,30
31,FIRE_Acres_Burned,1,2.646543025970459,31
32,FIRE_Acres_Burned,1,2.7092955112457275,32
33,FIRE_Acres_Burned,1,2.6684060096740723,33
34,FIRE_Acres_Burned,1,2.6902928352355957,34
35,FIRE_Acres_Burned,1,2.632270097732544,35
36,FIRE_Acres_Burned,1,2.6892030239105225,36
37,FIRE_Acres_Burned,1,2.6827785968780518,37
38,FIRE_Acres_Burned,1,2.626835346221924,38
39,FIRE_Acres_Burned,1,2.678718328475952,39
40,FIRE_Acres_Burned,1,2.662707567214966,40
41,FIRE_Acres_Burned,1,2.6676828861236572,41
42,FIRE_Acres_Burned,1,2.656679630279541,42
43,FIRE_Acres_Burned,1,2.6736762523651123,43
44,FIRE_Acres_Burned,1,2.671567678451538,44
45,FIRE_Acres_Burned,1,2.647149085998535,45
46,FIRE_Acres_Burned,1,2.6788065433502197,46
47,FIRE_Acres_Burned,1,2.622577667236328,47
48,FIRE_Acres_Burned,1,2.6448311805725098,48
49,FIRE_Acres_Burned,1,2.613028049468994,49
50,FIRE_Acres_Burned,4,1.931242823600769,0
51,FIRE_Acres_Burned,4,2.0082879066467285,1
52,FIRE_Acres_Burned,4,1.908754825592041,2
53,FIRE_Acres_Burned,4,2.151998996734619,3
54,FIRE_Acres_Burned,4,2.2479827404022217,4
55,FIRE_Acres_Burned,4,1.8450826406478882,5
56,FIRE_Acres_Burned,4,2.6357181072235107,6
57,FIRE_Acres_Burned,4,2.2011630535125732,7
58,FIRE_Acres_Burned,4,2.2981574535369873,8
59,FIRE_Acres_Burned,4,2.3401503562927246,9
60,FIRE_Acres_Burned,4,2.089198350906372,10
61,FIRE_Acres_Burned,4,2.043811798095703,11
62,FIRE_Acres_Burned,4,2.2356410026550293,12
63,FIRE_Acres_Burned,4,1.9089983701705933,13
64,FIRE_Acres_Burned,4,2.2979655265808105,14
65,FIRE_Acres_Burned,4,2.1727185249328613,15
66,FIRE_Acres_Burned,4,2.26993465423584,16
67,FIRE_Acres_Burned,4,1.9660130739212036,17
68,FIRE_Acres_Burned,4,2.355128765106201,18
69,FIRE_Acres_Burned,4,2.1369211673736572,19
70,FIRE_Acres_Burned,4,2.769744396209717,20
71,FIRE_Acres_Burned,4,2.126952886581421,21
72,FIRE_Acres_Burned,4,2.2791833877563477,22
73,FIRE_Acres_Burned,4,2.2946157455444336,23
74,FIRE_Acres_Burned,4,2.200464963912964,24
75,FIRE_Acres_Burned,4,1.991020917892456,25
76,FIRE_Acres_Burned,4,2.5054843425750732,26
77,FIRE_Acres_Burned,4,2.2766411304473877,27
78,FIRE_Acres_Burned,4,2.250059127807617,28
79,FIRE_Acres_Burned,4,2.0632381439208984,29
80,FIRE_Acres_Burned,4,2.358992099761963,30
81,FIRE_Acres_Burned,4,2.113737106323242,31
82,FIRE_Acres_Burned,4,1.9918123483657837,32
83,FIRE_Acres_Burned,4,2.1467928886413574,33
84,FIRE_Acres_Burned,4,2.0144238471984863,34
85,FIRE_Acres_Burned,4,2.159213066101074,35
86,FIRE_Acres_Burned,4,2.235748052597046,36
87,FIRE_Acres_Burned,4,2.186803102493286,37
88,FIRE_Acres_Burned,4,2.018047332763672,38
89,FIRE_Acres_Burned,4,2.3507213592529297,39
90,FIRE_Acres_Burned,4,2.553776979446411,40
91,FIRE_Acres_Burned,4,1.945632815361023,41
92,FIRE_Acres_Burned,4,2.175666570663452,42
93,FIRE_Acres_Burned,4,1.8169898986816406,43
94,FIRE_Acres_Burned,4,2.2900447845458984,44
95,FIRE_Acres_Burned,4,2.4561948776245117,45
96,FIRE_Acres_Burned,4,2.3352513313293457,46
97,FIRE_Acres_Burned,4,1.7688931226730347,47
98,FIRE_Acres_Burned,4,2.2259130477905273,48
99,FIRE_Acres_Burned,4,2.1705269813537598,49
100,FIRE_Acres_Burned,8,1.5757107734680176,0
101,FIRE_Acres_Burned,8,1.6495822668075562,1
102,FIRE_Acres_Burned,8,1.5326921939849854,2
103,FIRE_Acres_Burned,8,1.6137635707855225,3
104,FIRE_Acres_Burned,8,1.7093708515167236,4
105,FIRE_Acres_Burned,8,1.5609197616577148,5
106,FIRE_Acres_Burned,8,1.647687315940857,6
107,FIRE_Acres_Burned,8,1.6189804077148438,7
108,FIRE_Acres_Burned,8,1.573825716972351,8
109,FIRE_Acres_Burned,8,1.6223039627075195,9
110,FIRE_Acres_Burned,8,1.5128341913223267,10
111,FIRE_Acres_Burned,8,1.9022921323776245,11
112,FIRE_Acres_Burned,8,1.8302209377288818,12
113,FIRE_Acres_Burned,8,1.5174700021743774,13
114,FIRE_Acres_Burned,8,1.371783971786499,14
115,FIRE_Acres_Burned,8,1.6436220407485962,15
116,FIRE_Acres_Burned,8,1.4696449041366577,16
117,FIRE_Acres_Burned,8,1.6015654802322388,17
118,FIRE_Acres_Burned,8,1.553400993347168,18
119,FIRE_Acres_Burned,8,1.647547960281372,19
120,FIRE_Acres_Burned,8,1.6373900175094604,20
121,FIRE_Acres_Burned,8,1.6188377141952515,21
122,FIRE_Acres_Burned,8,1.6308623552322388,22
123,FIRE_Acres_Burned,8,1.5462969541549683,23
124,FIRE_Acres_Burned,8,1.6156373023986816,24
125,FIRE_Acres_Burned,8,1.440492868423462,25
126,FIRE_Acres_Burned,8,1.5558358430862427,26
127,FIRE_Acres_Burned,8,1.3156790733337402,27
128,FIRE_Acres_Burned,8,1.6239176988601685,28
129,FIRE_Acres_Burned,8,1.6023461818695068,29
130,FIRE_Acres_Burned,8,1.5725754499435425,30
131,FIRE_Acres_Burned,8,1.6487337350845337,31
132,FIRE_Acres_Burned,8,1.6570075750350952,32
133,FIRE_Acres_Burned,8,1.376024603843689,33
134,FIRE_Acres_Burned,8,1.5565184354782104,34
135,FIRE_Acres_Burned,8,1.4997389316558838,35
136,FIRE_Acres_Burned,8,1.689296007156372,36
137,FIRE_Acres_Burned,8,1.6471548080444336,37
138,FIRE_Acres_Burned,8,1.5852904319763184,38
139,FIRE_Acres_Burned,8,1.598158836364746,39
140,FIRE_Acres_Burned,8,1.6474831104278564,40
141,FIRE_Acres_Burned,8,1.5280953645706177,41
142,FIRE_Acres_Burned,8,1.5837512016296387,42
143,FIRE_Acres_Burned,8,1.5102194547653198,43
144,FIRE_Acres_Burned,8,1.4761682748794556,44
145,FIRE_Acres_Burned,8,1.6565953493118286,45
146,FIRE_Acres_Burned,8,1.6443045139312744,46
147,FIRE_Acres_Burned,8,1.5496197938919067,47
148,FIRE_Acres_Burned,8,1.56847083568573,48
149,FIRE_Acres_Burned,8,1.6119537353515625,49
150,FIRE_Acres_Burned,12,1.1534364223480225,0
151,FIRE_Acres_Burned,12,1.4578551054000854,1
152,FIRE_Acres_Burned,12,1.3388731479644775,2
153,FIRE_Acres_Burned,12,1.2689998149871826,3
154,FIRE_Acres_Burned,12,1.5409144163131714,4
155,FIRE_Acres_Burned,12,1.2425955533981323,5
156,FIRE_Acres_Burned,12,1.3309059143066406,6
157,FIRE_Acres_Burned,12,1.3752306699752808,7
158,FIRE_Acres_Burned,12,1.794654369354248,8
159,FIRE_Acres_Burned,12,1.630242943763733,9
160,FIRE_Acres_Burned,12,1.6640669107437134,10
161,FIRE_Acres_Burned,12,1.4217609167099,11
162,FIRE_Acres_Burned,12,1.5216245651245117,12
163,FIRE_Acres_Burned,12,1.580332636833191,13
164,FIRE_Acres_Burned,12,1.4792060852050781,14
165,FIRE_Acres_Burned,12,1.4228124618530273,15
166,FIRE_Acres_Burned,12,1.2210370302200317,16
167,FIRE_Acres_Burned,12,1.46112859249115,17
168,FIRE_Acres_Burned,12,1.4614043235778809,18
169,FIRE_Acres_Burned,12,1.2244890928268433,19
170,FIRE_Acres_Burned,12,1.2258046865463257,20
171,FIRE_Acres_Burned,12,1.372096300125122,21
172,FIRE_Acres_Burned,12,1.538578748703003,22
173,FIRE_Acres_Burned,12,1.2947721481323242,23
174,FIRE_Acres_Burned,12,1.2779937982559204,24
175,FIRE_Acres_Burned,12,1.5785053968429565,25
176,FIRE_Acres_Burned,12,1.638542652130127,26
177,FIRE_Acres_Burned,12,1.2754123210906982,27
178,FIRE_Acres_Burned,12,1.6328333616256714,28
179,FIRE_Acres_Burned,12,1.7181602716445923,29
180,FIRE_Acres_Burned,12,1.6408863067626953,30
181,FIRE_Acres_Burned,12,1.6604266166687012,31
182,FIRE_Acres_Burned,12,1.3994706869125366,32
183,FIRE_Acres_Burned,12,1.294219732284546,33
184,FIRE_Acres_Burned,12,1.5551221370697021,34
185,FIRE_Acres_Burned,12,1.3054112195968628,35
186,FIRE_Acres_Burned,12,1.5965653657913208,36
187,FIRE_Acres_Burned,12,1.4339653253555298,37
188,FIRE_Acres_Burned,12,1.4395142793655396,38
189,FIRE_Acres_Burned,12,1.4111101627349854,39
190,FIRE_Acres_Burned,12,1.2546507120132446,40
191,FIRE_Acres_Burned,12,1.1810932159423828,41
192,FIRE_Acres_Burned,12,1.3218568563461304,42
193,FIRE_Acres_Burned,12,1.1706774234771729,43
194,FIRE_Acres_Burned,12,1.6822357177734375,44
195,FIRE_Acres_Burned,12,1.5603110790252686,45
196,FIRE_Acres_Burned,12,1.294780969619751,46
197,FIRE_Acres_Burned,12,1.3605581521987915,47
198,FIRE_Acres_Burned,12,1.4191213846206665,48
199,FIRE_Acres_Burned,12,1.345285177230835,49
200,PRECIP,1,2.7589683532714844,0
201,PRECIP,1,2.7561655044555664,1
202,PRECIP,1,2.75717830657959,2
203,PRECIP,1,2.7686541080474854,3
204,PRECIP,1,2.7933764457702637,4
205,PRECIP,1,2.7664101123809814,5
206,PRECIP,1,2.764512777328491,6
207,PRECIP,1,2.7378456592559814,7
208,PRECIP,1,2.7367985248565674,8
209,PRECIP,1,2.749173641204834,9
210,PRECIP,1,2.76271653175354,10
211,PRECIP,1,2.7537920475006104,11
212,PRECIP,1,2.808367967605591,12
213,PRECIP,1,2.7687370777130127,13
214,PRECIP,1,2.7763426303863525,14
215,PRECIP,1,2.770656108856201,15
216,PRECIP,1,2.7642838954925537,16
217,PRECIP,1,2.7532474994659424,17
218,PRECIP,1,2.7750508785247803,18
219,PRECIP,1,2.766507863998413,19
220,PRECIP,1,2.7810661792755127,20
221,PRECIP,1,2.725722312927246,21
222,PRECIP,1,2.7304890155792236,22
223,PRECIP,1,2.721806049346924,23
224,PRECIP,1,2.7477781772613525,24
225,PRECIP,1,2.7389698028564453,25
226,PRECIP,1,2.8306021690368652,26
227,PRECIP,1,2.7480599880218506,27
228,PRECIP,1,2.7598676681518555,28
229,PRECIP,1,2.7947566509246826,29
230,PRECIP,1,2.7837421894073486,30
231,PRECIP,1,2.747609853744507,31
232,PRECIP,1,2.7498271465301514,32
233,PRECIP,1,2.727097988128662,33
234,PRECIP,1,2.741746664047241,34
235,PRECIP,1,2.781038999557495,35
236,PRECIP,1,2.7882564067840576,36
237,PRECIP,1,2.8090550899505615,37
238,PRECIP,1,2.7642853260040283,38
239,PRECIP,1,2.754218339920044,39
240,PRECIP,1,2.750810384750366,40
241,PRECIP,1,2.7822763919830322,41
242,PRECIP,1,2.799346446990967,42
243,PRECIP,1,2.7627086639404297,43
244,PRECIP,1,2.722531795501709,44
245,PRECIP,1,2.773979663848877,45
246,PRECIP,1,2.730865716934204,46
247,PRECIP,1,2.747575044631958,47
248,PRECIP,1,2.77377986907959,48
249,PRECIP,1,2.7919058799743652,49
250,PRECIP,4,2.9281303882598877,0
251,PRECIP,4,2.7109344005584717,1
252,PRECIP,4,3.113382577896118,2
253,PRECIP,4,2.7870829105377197,3
254,PRECIP,4,2.6623969078063965,4
255,PRECIP,4,2.717637538909912,5
256,PRECIP,4,2.7540454864501953,6
257,PRECIP,4,2.826382637023926,7
258,PRECIP,4,2.893261194229126,8
259,PRECIP,4,2.6197879314422607,9
260,PRECIP,4,2.5262186527252197,10
261,PRECIP,4,2.512603759765625,11
262,PRECIP,4,2.54986834526062,12
263,PRECIP,4,2.5576517581939697,13
264,PRECIP,4,2.586670398712158,14
265,PRECIP,4,2.721895933151245,15
266,PRECIP,4,2.7032268047332764,16
267,PRECIP,4,2.921534299850464,17
268,PRECIP,4,2.9073634147644043,18
269,PRECIP,4,2.7451043128967285,19
270,PRECIP,4,2.6787703037261963,20
271,PRECIP,4,2.604398012161255,21
272,PRECIP,4,2.8282251358032227,22
273,PRECIP,4,3.095897912979126,23
274,PRECIP,4,2.6871604919433594,24
275,PRECIP,4,3.0001211166381836,25
276,PRECIP,4,2.772273540496826,26
277,PRECIP,4,3.029240608215332,27
278,PRECIP,4,3.015726089477539,28
279,PRECIP,4,2.5077965259552,29
280,PRECIP,4,2.821593999862671,30
281,PRECIP,4,2.5801124572753906,31
282,PRECIP,4,2.7131145000457764,32
283,PRECIP,4,2.7738137245178223,33
284,PRECIP,4,3.066727876663208,34
285,PRECIP,4,2.4150846004486084,35
286,PRECIP,4,2.8367815017700195,36
287,PRECIP,4,2.977046251296997,37
288,PRECIP,4,3.0950381755828857,38
289,PRECIP,4,2.693998098373413,39
290,PRECIP,4,2.720296621322632,40
291,PRECIP,4,2.9023349285125732,41
292,PRECIP,4,2.754883050918579,42
293,PRECIP,4,2.9239883422851562,43
294,PRECIP,4,2.5464534759521484,44
295,PRECIP,4,3.1797068119049072,45
296,PRECIP,4,2.6671230792999268,46
297,PRECIP,4,2.319309711456299,47
298,PRECIP,4,2.7450661659240723,48
299,PRECIP,4,2.81331729888916,49
300,PRECIP,8,2.0733237266540527,0
301,PRECIP,8,2.3857829570770264,1
302,PRECIP,8,1.640945553779602,2
303,PRECIP,8,3.393139123916626,3
304,PRECIP,8,2.876631498336792,4
305,PRECIP,8,1.9531114101409912,5
306,PRECIP,8,2.36794376373291,6
307,PRECIP,8,3.8100740909576416,7
308,PRECIP,8,2.8791918754577637,8
309,PRECIP,8,3.0971240997314453,9
310,PRECIP,8,2.2267189025878906,10
311,PRECIP,8,2.1735734939575195,11
312,PRECIP,8,3.154409885406494,12
313,PRECIP,8,2.1770918369293213,13
314,PRECIP,8,2.4135375022888184,14
315,PRECIP,8,1.7166451215744019,15
316,PRECIP,8,3.0695137977600098,16
317,PRECIP,8,2.6467623710632324,17
318,PRECIP,8,2.664593458175659,18
319,PRECIP,8,1.913687825202942,19
320,PRECIP,8,3.745651960372925,20
321,PRECIP,8,2.823493003845215,21
322,PRECIP,8,2.6512796878814697,22
323,PRECIP,8,1.9359527826309204,23
324,PRECIP,8,2.5233330726623535,24
325,PRECIP,8,3.9281182289123535,25
326,PRECIP,8,3.7930893898010254,26
327,PRECIP,8,2.2180213928222656,27
328,PRECIP,8,3.0931286811828613,28
329,PRECIP,8,2.2829854488372803,29
330,PRECIP,8,3.284766674041748,30
331,PRECIP,8,3.2552099227905273,31
332,PRECIP,8,3.006253480911255,32
333,PRECIP,8,3.4927029609680176,33
334,PRECIP,8,2.8534109592437744,34
335,PRECIP,8,2.324791669845581,35
336,PRECIP,8,3.38828706741333,36
337,PRECIP,8,3.0226235389709473,37
338,PRECIP,8,2.6370480060577393,38
339,PRECIP,8,3.2439966201782227,39
340,PRECIP,8,3.454249858856201,40
341,PRECIP,8,2.2259809970855713,41
342,PRECIP,8,2.1226112842559814,42
343,PRECIP,8,2.4550576210021973,43
344,PRECIP,8,1.9151170253753662,44
345,PRECIP,8,1.5180906057357788,45
346,PRECIP,8,2.2565643787384033,46
347,PRECIP,8,2.226297616958618,47
348,PRECIP,8,3.1972081661224365,48
349,PRECIP,8,2.7987277507781982,49
350,PRECIP,12,1.0593875646591187,0
351,PRECIP,12,1.0196058750152588,1
352,PRECIP,12,1.1656817197799683,2
353,PRECIP,12,1.3232381343841553,3
354,PRECIP,12,1.0965325832366943,4
355,PRECIP,12,1.1253783702850342,5
356,PRECIP,12,0.9743329286575317,6
357,PRECIP,12,1.3025320768356323,7
358,PRECIP,12,1.0570045709609985,8
359,PRECIP,12,1.0345174074172974,9
360,PRECIP,12,1.2481752634048462,10
361,PRECIP,12,1.0596508979797363,11
362,PRECIP,12,1.3376550674438477,12
363,PRECIP,12,1.3428645133972168,13
364,PRECIP,12,1.7327253818511963,14
365,PRECIP,12,1.2448995113372803,15
366,PRECIP,12,1.4967509508132935,16
367,PRECIP,12,1.2659498453140259,17
368,PRECIP,12,1.1193970441818237,18
369,PRECIP,12,1.3130042552947998,19
370,PRECIP,12,0.9378523230552673,20
371,PRECIP,12,1.2425299882888794,21
372,PRECIP,12,1.2752370834350586,22
373,PRECIP,12,1.1429940462112427,23
374,PRECIP,12,1.0986117124557495,24
375,PRECIP,12,1.3980164527893066,25
376,PRECIP,12,1.2225775718688965,26
377,PRECIP,12,1.1583974361419678,27
378,PRECIP,12,1.1749285459518433,28
379,PRECIP,12,1.0535866022109985,29
380,PRECIP,12,1.3762849569320679,30
381,PRECIP,12,1.151485800743103,31
382,PRECIP,12,1.1138662099838257,32
383,PRECIP,12,1.241059422492981,33
384,PRECIP,12,1.1733404397964478,34
385,PRECIP,12,1.1126333475112915,35
386,PRECIP,12,1.4731615781784058,36
387,PRECIP,12,1.0521854162216187,37
388,PRECIP,12,1.4324842691421509,38
389,PRECIP,12,1.1634091138839722,39
390,PRECIP,12,0.9412848949432373,40
391,PRECIP,12,1.7764356136322021,41
392,PRECIP,12,1.3815110921859741,42
393,PRECIP,12,1.024364948272705,43
394,PRECIP,12,1.057867169380188,44
395,PRECIP,12,1.1698651313781738,45
396,PRECIP,12,1.3036693334579468,46
397,PRECIP,12,1.2378203868865967,47
398,PRECIP,12,1.0501950979232788,48
399,PRECIP,12,1.3265297412872314,49
400,WIND_EventCount,1,2.840498447418213,0
401,WIND_EventCount,1,2.86739182472229,1
402,WIND_EventCount,1,2.857128143310547,2
403,WIND_EventCount,1,2.8989620208740234,3
404,WIND_EventCount,1,2.9005286693573,4
405,WIND_EventCount,1,2.8503451347351074,5
406,WIND_EventCount,1,2.872459650039673,6
407,WIND_EventCount,1,2.838148593902588,7
408,WIND_EventCount,1,2.883030891418457,8
409,WIND_EventCount,1,2.8709280490875244,9
410,WIND_EventCount,1,2.873730182647705,10
411,WIND_EventCount,1,2.8644914627075195,11
412,WIND_EventCount,1,2.8900833129882812,12
413,WIND_EventCount,1,2.8148317337036133,13
414,WIND_EventCount,1,2.888528823852539,14
415,WIND_EventCount,1,2.8770031929016113,15
416,WIND_EventCount,1,2.862246513366699,16
417,WIND_EventCount,1,2.8774702548980713,17
418,WIND_EventCount,1,2.8817498683929443,18
419,WIND_EventCount,1,2.8682632446289062,19
420,WIND_EventCount,1,2.9062156677246094,20
421,WIND_EventCount,1,2.8692073822021484,21
422,WIND_EventCount,1,2.860952138900757,22
423,WIND_EventCount,1,2.8646292686462402,23
424,WIND_EventCount,1,2.8756725788116455,24
425,WIND_EventCount,1,2.863102436065674,25
426,WIND_EventCount,1,2.89058780670166,26
427,WIND_EventCount,1,2.8920698165893555,27
428,WIND_EventCount,1,2.866767644882202,28
429,WIND_EventCount,1,2.9294652938842773,29
430,WIND_EventCount,1,2.8932044506073,30
431,WIND_EventCount,1,2.8597490787506104,31
432,WIND_EventCount,1,2.8924570083618164,32
433,WIND_EventCount,1,2.875365972518921,33
434,WIND_EventCount,1,2.8076751232147217,34
435,WIND_EventCount,1,2.8608994483947754,35
436,WIND_EventCount,1,2.8774776458740234,36
437,WIND_EventCount,1,2.839493751525879,37
438,WIND_EventCount,1,2.8334097862243652,38
439,WIND_EventCount,1,2.902055263519287,39
440,WIND_EventCount,1,2.8920819759368896,40
441,WIND_EventCount,1,2.8688011169433594,41
442,WIND_EventCount,1,2.908540725708008,42
443,WIND_EventCount,1,2.8715827465057373,43
444,WIND_EventCount,1,2.819606304168701,44
445,WIND_EventCount,1,2.7895538806915283,45
446,WIND_EventCount,1,2.8877334594726562,46
447,WIND_EventCount,1,2.86169695854187,47
448,WIND_EventCount,1,2.9045214653015137,48
449,WIND_EventCount,1,2.8764214515686035,49
450,WIND_EventCount,4,2.757098913192749,0
451,WIND_EventCount,4,2.839991569519043,1
452,WIND_EventCount,4,2.5895299911499023,2
453,WIND_EventCount,4,2.86246919631958,3
454,WIND_EventCount,4,2.8822309970855713,4
455,WIND_EventCount,4,2.835103988647461,5
456,WIND_EventCount,4,2.7702977657318115,6
457,WIND_EventCount,4,2.783808946609497,7
458,WIND_EventCount,4,2.713392972946167,8
459,WIND_EventCount,4,2.827336549758911,9
460,WIND_EventCount,4,2.864089250564575,10
461,WIND_EventCount,4,2.8229217529296875,11
462,WIND_EventCount,4,2.8559136390686035,12
463,WIND_EventCount,4,2.8607287406921387,13
464,WIND_EventCount,4,2.737410306930542,14
465,WIND_EventCount,4,2.6518337726593018,15
466,WIND_EventCount,4,2.756333112716675,16
467,WIND_EventCount,4,2.630648136138916,17
468,WIND_EventCount,4,2.887246608734131,18
469,WIND_EventCount,4,2.77821683883667,19
470,WIND_EventCount,4,2.63250994682312,20
471,WIND_EventCount,4,2.8506088256835938,21
472,WIND_EventCount,4,2.8464181423187256,22
473,WIND_EventCount,4,2.88996958732605,23
474,WIND_EventCount,4,2.7103278636932373,24
475,WIND_EventCount,4,2.777837038040161,25
476,WIND_EventCount,4,2.6640610694885254,26
477,WIND_EventCount,4,2.6953999996185303,27
478,WIND_EventCount,4,2.76066517829895,28
479,WIND_EventCount,4,2.78501296043396,29
480,WIND_EventCount,4,2.9049956798553467,30
481,WIND_EventCount,4,2.8437716960906982,31
482,WIND_EventCount,4,2.88973069190979,32
483,WIND_EventCount,4,2.8607547283172607,33
484,WIND_EventCount,4,2.8704545497894287,34
485,WIND_EventCount,4,2.876610517501831,35
486,WIND_EventCount,4,2.7608606815338135,36
487,WIND_EventCount,4,2.631492853164673,37
488,WIND_EventCount,4,2.8384320735931396,38
489,WIND_EventCount,4,2.653334140777588,39
490,WIND_EventCount,4,2.6884002685546875,40
491,WIND_EventCount,4,2.859236001968384,41
492,WIND_EventCount,4,2.5219669342041016,42
493,WIND_EventCount,4,2.672424554824829,43
494,WIND_EventCount,4,2.7375597953796387,44
495,WIND_EventCount,4,2.7676968574523926,45
496,WIND_EventCount,4,2.8177268505096436,46
497,WIND_EventCount,4,2.8333449363708496,47
498,WIND_EventCount,4,2.901474952697754,48
499,WIND_EventCount,4,2.983560562133789,49
500,WIND_EventCount,8,2.945221424102783,0
501,WIND_EventCount,8,3.3800556659698486,1
502,WIND_EventCount,8,3.204202175140381,2
503,WIND_EventCount,8,3.0247888565063477,3
504,WIND_EventCount,8,3.1489856243133545,4
505,WIND_EventCount,8,2.8194990158081055,5
506,WIND_EventCount,8,2.9246344566345215,6
507,WIND_EventCount,8,3.7398035526275635,7
508,WIND_EventCount,8,3.5413129329681396,8
509,WIND_EventCount,8,3.3296589851379395,9
510,WIND_EventCount,8,3.182527780532837,10
511,WIND_EventCount,8,3.7097277641296387,11
512,WIND_EventCount,8,3.014259099960327,12
513,WIND_EventCount,8,3.616795301437378,13
514,WIND_EventCount,8,2.9498672485351562,14
515,WIND_EventCount,8,3.271623134613037,15
516,WIND_EventCount,8,3.6338939666748047,16
517,WIND_EventCount,8,3.6198928356170654,17
518,WIND_EventCount,8,3.0737175941467285,18
519,WIND_EventCount,8,2.663243293762207,19
520,WIND_EventCount,8,3.0659663677215576,20
521,WIND_EventCount,8,3.888737916946411,21
522,WIND_EventCount,8,2.8738110065460205,22
523,WIND_EventCount,8,3.404123544692993,23
524,WIND_EventCount,8,3.032867431640625,24
525,WIND_EventCount,8,3.2515430450439453,25
526,WIND_EventCount,8,2.7941579818725586,26
527,WIND_EventCount,8,3.135413646697998,27
528,WIND_EventCount,8,3.1924328804016113,28
529,WIND_EventCount,8,2.5955522060394287,29
530,WIND_EventCount,8,3.4417552947998047,30
531,WIND_EventCount,8,3.213571548461914,31
532,WIND_EventCount,8,2.8875820636749268,32
533,WIND_EventCount,8,3.455057382583618,33
534,WIND_EventCount,8,3.4921071529388428,34
535,WIND_EventCount,8,3.127110481262207,35
536,WIND_EventCount,8,2.3609914779663086,36
537,WIND_EventCount,8,4.010886192321777,37
538,WIND_EventCount,8,2.7708308696746826,38
539,WIND_EventCount,8,2.7224018573760986,39
540,WIND_EventCount,8,3.3071415424346924,40
541,WIND_EventCount,8,2.858427047729492,41
542,WIND_EventCount,8,3.073223829269409,42
543,WIND_EventCount,8,3.2992594242095947,43
544,WIND_EventCount,8,3.072333335876465,44
545,WIND_EventCount,8,3.1959750652313232,45
546,WIND_EventCount,8,3.6075730323791504,46
547,WIND_EventCount,8,3.2022156715393066,47
548,WIND_EventCount,8,3.3464744091033936,48
549,WIND_EventCount,8,2.8298280239105225,49
550,WIND_EventCount,12,2.8834660053253174,0
551,WIND_EventCount,12,1.3176015615463257,1
552,WIND_EventCount,12,2.9772682189941406,2
553,WIND_EventCount,12,2.657628059387207,3
554,WIND_EventCount,12,1.5515795946121216,4
555,WIND_EventCount,12,2.017638921737671,5
556,WIND_EventCount,12,2.784468650817871,6
557,WIND_EventCount,12,1.5267012119293213,7
558,WIND_EventCount,12,2.7769527435302734,8
559,WIND_EventCount,12,2.672283411026001,9
560,WIND_EventCount,12,1.3620024919509888,10
561,WIND_EventCount,12,2.617671251296997,11
562,WIND_EventCount,12,2.7120347023010254,12
563,WIND_EventCount,12,2.4629907608032227,13
564,WIND_EventCount,12,2.7605412006378174,14
565,WIND_EventCount,12,3.080127716064453,15
566,WIND_EventCount,12,2.7394447326660156,16
567,WIND_EventCount,12,3.1080565452575684,17
568,WIND_EventCount,12,2.1779301166534424,18
569,WIND_EventCount,12,2.3025479316711426,19
570,WIND_EventCount,12,2.921525716781616,20
571,WIND_EventCount,12,2.1063177585601807,21
572,WIND_EventCount,12,1.7878798246383667,22
573,WIND_EventCount,12,2.0490002632141113,23
574,WIND_EventCount,12,1.271016240119934,24
575,WIND_EventCount,12,1.4107239246368408,25
576,WIND_EventCount,12,2.6851906776428223,26
577,WIND_EventCount,12,2.209059476852417,27
578,WIND_EventCount,12,2.7046120166778564,28
579,WIND_EventCount,12,2.7541697025299072,29
580,WIND_EventCount,12,2.4155189990997314,30
581,WIND_EventCount,12,2.635437488555908,31
582,WIND_EventCount,12,2.999471426010132,32
583,WIND_EventCount,12,2.807546615600586,33
584,WIND_EventCount,12,2.6510910987854004,34
585,WIND_EventCount,12,2.645693063735962,35
586,WIND_EventCount,12,2.9701297283172607,36
587,WIND_EventCount,12,2.3262219429016113,37
588,WIND_EventCount,12,2.189810276031494,38
589,WIND_EventCount,12,2.221313953399658,39
590,WIND_EventCount,12,2.014435052871704,40
591,WIND_EventCount,12,2.7098991870880127,41
592,WIND_EventCount,12,1.9707096815109253,42
593,WIND_EventCount,12,2.482186794281006,43
594,WIND_EventCount,12,1.8136837482452393,44
595,WIND_EventCount,12,2.5770487785339355,45
596,WIND_EventCount,12,2.705773115158081,46
597,WIND_EventCount,12,2.7241454124450684,47
598,WIND_EventCount,12,2.8859829902648926,48
599,WIND_EventCount,12,2.5168957710266113,49
600,WIND_AvgMPH,1,2.861802339553833,0
601,WIND_AvgMPH,1,2.855290412902832,1
602,WIND_AvgMPH,1,2.858828067779541,2
603,WIND_AvgMPH,1,2.826559066772461,3
604,WIND_AvgMPH,1,2.8282792568206787,4
605,WIND_AvgMPH,1,2.8966686725616455,5
606,WIND_AvgMPH,1,2.7928988933563232,6
607,WIND_AvgMPH,1,2.862996816635132,7
608,WIND_AvgMPH,1,2.848113775253296,8
609,WIND_AvgMPH,1,2.781916618347168,9
610,WIND_AvgMPH,1,2.88344407081604,10
611,WIND_AvgMPH,1,2.809857130050659,11
612,WIND_AvgMPH,1,2.854116916656494,12
613,WIND_AvgMPH,1,2.859636068344116,13
614,WIND_AvgMPH,1,2.8777010440826416,14
615,WIND_AvgMPH,1,2.8560032844543457,15
616,WIND_AvgMPH,1,2.840745449066162,16
617,WIND_AvgMPH,1,2.8545734882354736,17
618,WIND_AvgMPH,1,2.839010000228882,18
619,WIND_AvgMPH,1,2.8328237533569336,19
620,WIND_AvgMPH,1,2.8174636363983154,20
621,WIND_AvgMPH,1,2.8469278812408447,21
622,WIND_AvgMPH,1,2.8376102447509766,22
623,WIND_AvgMPH,1,2.888209581375122,23
624,WIND_AvgMPH,1,2.8547165393829346,24
625,WIND_AvgMPH,1,2.8681349754333496,25
626,WIND_AvgMPH,1,2.8634393215179443,26
627,WIND_AvgMPH,1,2.8678998947143555,27
628,WIND_AvgMPH,1,2.8543479442596436,28
629,WIND_AvgMPH,1,2.817333698272705,29
630,WIND_AvgMPH,1,2.8254404067993164,30
631,WIND_AvgMPH,1,2.8603968620300293,31
632,WIND_AvgMPH,1,2.8217263221740723,32
633,WIND_AvgMPH,1,2.8556344509124756,33
634,WIND_AvgMPH,1,2.8737545013427734,34
635,WIND_AvgMPH,1,2.8631808757781982,35
636,WIND_AvgMPH,1,2.8332464694976807,36
637,WIND_AvgMPH,1,2.8320207595825195,37
638,WIND_AvgMPH,1,2.829909324645996,38
639,WIND_AvgMPH,1,2.8377268314361572,39
640,WIND_AvgMPH,1,2.7915456295013428,40
641,WIND_AvgMPH,1,2.790832281112671,41
642,WIND_AvgMPH,1,2.860813617706299,42
643,WIND_AvgMPH,1,2.8957440853118896,43
644,WIND_AvgMPH,1,2.8163604736328125,44
645,WIND_AvgMPH,1,2.8603289127349854,45
646,WIND_AvgMPH,1,2.860168933868408,46
647,WIND_AvgMPH,1,2.9075729846954346,47
648,WIND_AvgMPH,1,2.88444447517395,48
649,WIND_AvgMPH,1,2.8172879219055176,49
650,WIND_AvgMPH,4,2.7431411743164062,0
651,WIND_AvgMPH,4,2.821986436843872,1
652,WIND_AvgMPH,4,2.7951717376708984,2
653,WIND_AvgMPH,4,2.7460429668426514,3
654,WIND_AvgMPH,4,2.7676663398742676,4
655,WIND_AvgMPH,4,2.741427183151245,5
656,WIND_AvgMPH,4,2.8427743911743164,6
657,WIND_AvgMPH,4,2.8693833351135254,7
658,WIND_AvgMPH,4,2.7264769077301025,8
659,WIND_AvgMPH,4,2.8090250492095947,9
660,WIND_AvgMPH,4,2.807856321334839,10
661,WIND_AvgMPH,4,2.7387797832489014,11
662,WIND_AvgMPH,4,2.749969244003296,12
663,WIND_AvgMPH,4,2.8291001319885254,13
664,WIND_AvgMPH,4,2.7303760051727295,14
665,WIND_AvgMPH,4,2.7994046211242676,15
666,WIND_AvgMPH,4,2.732454538345337,16
667,WIND_AvgMPH,4,2.6017684936523438,17
668,WIND_AvgMPH,4,2.825800895690918,18
669,WIND_AvgMPH,4,2.6916661262512207,19
670,WIND_AvgMPH,4,2.686232805252075,20
671,WIND_AvgMPH,4,2.747558355331421,21
672,WIND_AvgMPH,4,2.8039798736572266,22
673,WIND_AvgMPH,4,2.6976099014282227,23
674,WIND_AvgMPH,4,2.929874897003174,24
675,WIND_AvgMPH,4,2.708815813064575,25
676,WIND_AvgMPH,4,2.8886308670043945,26
677,WIND_AvgMPH,4,2.870978593826294,27
678,WIND_AvgMPH,4,2.7788071632385254,28
679,WIND_AvgMPH,4,2.6150524616241455,29
680,WIND_AvgMPH,4,2.7835423946380615,30
681,WIND_AvgMPH,4,2.8706727027893066,31
682,WIND_AvgMPH,4,2.8791322708129883,32
683,WIND_AvgMPH,4,2.727076292037964,33
684,WIND_AvgMPH,4,2.868483781814575,34
685,WIND_AvgMPH,4,2.6315841674804688,35
686,WIND_AvgMPH,4,2.8251585960388184,36
687,WIND_AvgMPH,4,2.7048356533050537,37
688,WIND_AvgMPH,4,2.638540267944336,38
689,WIND_AvgMPH,4,2.858084201812744,39
690,WIND_AvgMPH,4,2.758913516998291,40
691,WIND_AvgMPH,4,2.781479835510254,41
692,WIND_AvgMPH,4,2.8477940559387207,42
693,WIND_AvgMPH,4,2.9109365940093994,43
694,WIND_AvgMPH,4,2.631166696548462,44
695,WIND_AvgMPH,4,2.7877252101898193,45
696,WIND_AvgMPH,4,2.7065610885620117,46
697,WIND_AvgMPH,4,2.8315742015838623,47
698,WIND_AvgMPH,4,2.805530309677124,48
699,WIND_AvgMPH,4,2.819096803665161,49
700,WIND_AvgMPH,8,4.2816877365112305,0
701,WIND_AvgMPH,8,2.0940940380096436,1
702,WIND_AvgMPH,8,2.6257078647613525,2
703,WIND_AvgMPH,8,2.407888650894165,3
704,WIND_AvgMPH,8,2.4251208305358887,4
705,WIND_AvgMPH,8,1.956838846206665,5
706,WIND_AvgMPH,8,2.2535769939422607,6
707,WIND_AvgMPH,8,1.8894460201263428,7
708,WIND_AvgMPH,8,2.462655544281006,8
709,WIND_AvgMPH,8,1.9276279211044312,9
710,WIND_AvgMPH,8,2.641085147857666,10
711,WIND_AvgMPH,8,1.9905626773834229,11
712,WIND_AvgMPH,8,2.2392241954803467,12
713,WIND_AvgMPH,8,2.672163486480713,13
714,WIND_AvgMPH,8,2.8120126724243164,14
715,WIND_AvgMPH,8,2.473773717880249,15
716,WIND_AvgMPH,8,2.059830904006958,16
717,WIND_AvgMPH,8,2.0714271068573,17
718,WIND_AvgMPH,8,2.7460615634918213,18
719,WIND_AvgMPH,8,2.181692123413086,19
720,WIND_AvgMPH,8,2.5773768424987793,20
721,WIND_AvgMPH,8,2.073803663253784,21
722,WIND_AvgMPH,8,2.220947027206421,22
723,WIND_AvgMPH,8,1.7912482023239136,23
724,WIND_AvgMPH,8,3.1875667572021484,24
725,WIND_AvgMPH,8,2.106055974960327,25
726,WIND_AvgMPH,8,3.1295082569122314,26
727,WIND_AvgMPH,8,2.0223233699798584,27
728,WIND_AvgMPH,8,2.4490811824798584,28
729,WIND_AvgMPH,8,2.4198877811431885,29
730,WIND_AvgMPH,8,2.8497817516326904,30
731,WIND_AvgMPH,8,2.1862170696258545,31
732,WIND_AvgMPH,8,2.3372490406036377,32
733,WIND_AvgMPH,8,2.77366304397583,33
734,WIND_AvgMPH,8,2.29246187210083,34
735,WIND_AvgMPH,8,1.9910001754760742,35
736,WIND_AvgMPH,8,1.8225173950195312,36
737,WIND_AvgMPH,8,2.431589126586914,37
738,WIND_AvgMPH,8,2.4976022243499756,38
739,WIND_AvgMPH,8,2.1785597801208496,39
740,WIND_AvgMPH,8,1.9802407026290894,40
741,WIND_AvgMPH,8,2.496554374694824,41
742,WIND_AvgMPH,8,2.2838633060455322,42
743,WIND_AvgMPH,8,3.053910732269287,43
744,WIND_AvgMPH,8,3.886659860610962,44
745,WIND_AvgMPH,8,1.9338021278381348,45
746,WIND_AvgMPH,8,2.44528865814209,46
747,WIND_AvgMPH,8,2.076728343963623,47
748,WIND_AvgMPH,8,2.656731128692627,48
749,WIND_AvgMPH,8,2.0687921047210693,49
750,WIND_AvgMPH,12,2.3123691082000732,0
751,WIND_AvgMPH,12,2.3150413036346436,1
752,WIND_AvgMPH,12,2.5478098392486572,2
753,WIND_AvgMPH,12,1.5099499225616455,3
754,WIND_AvgMPH,12,3.009829044342041,4
755,WIND_AvgMPH,12,1.4954229593276978,5
756,WIND_AvgMPH,12,1.8935673236846924,6
757,WIND_AvgMPH,12,1.672029733657837,7
758,WIND_AvgMPH,12,1.5173519849777222,8
759,WIND_AvgMPH,12,1.4624981880187988,9
760,WIND_AvgMPH,12,2.0796432495117188,10
761,WIND_AvgMPH,12,1.8743257522583008,11
762,WIND_AvgMPH,12,2.6325926780700684,12
763,WIND_AvgMPH,12,2.9060394763946533,13
764,WIND_AvgMPH,12,1.637020468711853,14
765,WIND_AvgMPH,12,2.7170886993408203,15
766,WIND_AvgMPH,12,2.0783755779266357,16
767,WIND_AvgMPH,12,1.886232852935791,17
768,WIND_AvgMPH,12,1.5683954954147339,18
769,WIND_AvgMPH,12,2.7907633781433105,19
770,WIND_AvgMPH,12,1.9729286432266235,20
771,WIND_AvgMPH,12,2.2591540813446045,21
772,WIND_AvgMPH,12,2.7244837284088135,22
773,WIND_AvgMPH,12,2.5477535724639893,23
774,WIND_AvgMPH,12,2.6117379665374756,24
775,WIND_AvgMPH,12,1.6543372869491577,25
776,WIND_AvgMPH,12,1.5018976926803589,26
777,WIND_AvgMPH,12,1.7858171463012695,27
778,WIND_AvgMPH,12,2.1911306381225586,28
779,WIND_AvgMPH,12,2.3278861045837402,29
780,WIND_AvgMPH,12,3.468940019607544,30
781,WIND_AvgMPH,12,2.2332170009613037,31
782,WIND_AvgMPH,12,2.402484178543091,32
783,WIND_AvgMPH,12,1.8190813064575195,33
784,WIND_AvgMPH,12,2.6624372005462646,34
785,WIND_AvgMPH,12,2.5786185264587402,35
786,WIND_AvgMPH,12,1.7324427366256714,36
787,WIND_AvgMPH,12,2.4781293869018555,37
788,WIND_AvgMPH,12,2.5444869995117188,38
789,WIND_AvgMPH,12,2.8297853469848633,39
790,WIND_AvgMPH,12,2.841250419616699,40
791,WIND_AvgMPH,12,1.836980938911438,41
792,WIND_AvgMPH,12,2.4485833644866943,42
793,WIND_AvgMPH,12,2.3051137924194336,43
794,WIND_AvgMPH,12,2.7097105979919434,44
795,WIND_AvgMPH,12,1.8803445100784302,45
796,WIND_AvgMPH,12,2.0520336627960205,46
797,WIND_AvgMPH,12,2.5219807624816895,47
798,WIND_AvgMPH,12,2.7098560333251953,48
799,WIND_AvgMPH,12,1.553802490234375,49
800,WIND_RunMiles,1,2.8344340324401855,0
801,WIND_RunMiles,1,2.8920631408691406,1
802,WIND_RunMiles,1,2.8800082206726074,2
803,WIND_RunMiles,1,2.8444666862487793,3
804,WIND_RunMiles,1,2.856234312057495,4
805,WIND_RunMiles,1,2.828087568283081,5
806,WIND_RunMiles,1,2.851006031036377,6
807,WIND_RunMiles,1,2.8461008071899414,7
808,WIND_RunMiles,1,2.853468894958496,8
809,WIND_RunMiles,1,2.860102653503418,9
810,WIND_RunMiles,1,2.8262906074523926,10
811,WIND_RunMiles,1,2.827996015548706,11
812,WIND_RunMiles,1,2.8718018531799316,12
813,WIND_RunMiles,1,2.824833393096924,13
814,WIND_RunMiles,1,2.850064754486084,14
815,WIND_RunMiles,1,2.8785793781280518,15
816,WIND_RunMiles,1,2.883052110671997,16
817,WIND_RunMiles,1,2.889939785003662,17
818,WIND_RunMiles,1,2.819518804550171,18
819,WIND_RunMiles,1,2.8279881477355957,19
820,WIND_RunMiles,1,2.836585521697998,20
821,WIND_RunMiles,1,2.818573474884033,21
822,WIND_RunMiles,1,2.850614547729492,22
823,WIND_RunMiles,1,2.8675215244293213,23
824,WIND_RunMiles,1,2.8444361686706543,24
825,WIND_RunMiles,1,2.81130051612854,25
826,WIND_RunMiles,1,2.845912218093872,26
827,WIND_RunMiles,1,2.8645851612091064,27
828,WIND_RunMiles,1,2.858959674835205,28
829,WIND_RunMiles,1,2.846595287322998,29
830,WIND_RunMiles,1,2.8252718448638916,30
831,WIND_RunMiles,1,2.8387272357940674,31
832,WIND_RunMiles,1,2.878365993499756,32
833,WIND_RunMiles,1,2.862029552459717,33
834,WIND_RunMiles,1,2.821211338043213,34
835,WIND_RunMiles,1,2.8064804077148438,35
836,WIND_RunMiles,1,2.8594961166381836,36
837,WIND_RunMiles,1,2.833345651626587,37
838,WIND_RunMiles,1,2.846193552017212,38
839,WIND_RunMiles,1,2.8001484870910645,39
840,WIND_RunMiles,1,2.8851778507232666,40
841,WIND_RunMiles,1,2.859877824783325,41
842,WIND_RunMiles,1,2.849578857421875,42
843,WIND_RunMiles,1,2.890078544616699,43
844,WIND_RunMiles,1,2.8129568099975586,44
845,WIND_RunMiles,1,2.8598804473876953,45
846,WIND_RunMiles,1,2.8454508781433105,46
847,WIND_RunMiles,1,2.876696825027466,47
848,WIND_RunMiles,1,2.8463611602783203,48
849,WIND_RunMiles,1,2.9051694869995117,49
850,WIND_RunMiles,4,2.6670479774475098,0
851,WIND_RunMiles,4,2.729912757873535,1
852,WIND_RunMiles,4,2.693265676498413,2
853,WIND_RunMiles,4,2.8346805572509766,3
854,WIND_RunMiles,4,2.7276620864868164,4
855,WIND_RunMiles,4,2.8077123165130615,5
856,WIND_RunMiles,4,2.9410104751586914,6
857,WIND_RunMiles,4,2.869656801223755,7
858,WIND_RunMiles,4,2.923924446105957,8
859,WIND_RunMiles,4,2.6977736949920654,9
860,WIND_RunMiles,4,2.7066433429718018,10
861,WIND_RunMiles,4,2.857846260070801,11
862,WIND_RunMiles,4,2.7675986289978027,12
863,WIND_RunMiles,4,2.6587159633636475,13
864,WIND_RunMiles,4,2.7042934894561768,14
865,WIND_RunMiles,4,2.755587339401245,15
866,WIND_RunMiles,4,2.7018914222717285,16
867,WIND_RunMiles,4,2.894000291824341,17
868,WIND_RunMiles,4,2.7203147411346436,18
869,WIND_RunMiles,4,2.8576247692108154,19
870,WIND_RunMiles,4,2.7964670658111572,20
871,WIND_RunMiles,4,2.793600082397461,21
872,WIND_RunMiles,4,2.7910563945770264,22
873,WIND_RunMiles,4,2.732804775238037,23
874,WIND_RunMiles,4,2.8051741123199463,24
875,WIND_RunMiles,4,2.7653257846832275,25
876,WIND_RunMiles,4,2.8728139400482178,26
877,WIND_RunMiles,4,2.898655652999878,27
878,WIND_RunMiles,4,2.6940083503723145,28
879,WIND_RunMiles,4,2.7000792026519775,29
880,WIND_RunMiles,4,2.7747962474823,30
881,WIND_RunMiles,4,2.6555347442626953,31
882,WIND_RunMiles,4,2.835721015930176,32
883,WIND_RunMiles,4,2.7667858600616455,33
884,WIND_RunMiles,4,2.6331493854522705,34
885,WIND_RunMiles,4,2.693349838256836,35
886,WIND_RunMiles,4,2.7447032928466797,36
887,WIND_RunMiles,4,2.824618339538574,37
888,WIND_RunMiles,4,2.7675459384918213,38
889,WIND_RunMiles,4,2.667693853378296,39
890,WIND_RunMiles,4,2.7841336727142334,40
891,WIND_RunMiles,4,2.762516975402832,41
892,WIND_RunMiles,4,2.663862705230713,42
893,WIND_RunMiles,4,2.955993175506592,43
894,WIND_RunMiles,4,2.704505681991577,44
895,WIND_RunMiles,4,2.634848117828369,45
896,WIND_RunMiles,4,2.7846364974975586,46
897,WIND_RunMiles,4,2.757344961166382,47
898,WIND_RunMiles,4,2.847313404083252,48
899,WIND_RunMiles,4,2.8748779296875,49
900,WIND_RunMiles,8,2.0746169090270996,0
901,WIND_RunMiles,8,2.449824094772339,1
902,WIND_RunMiles,8,2.2430243492126465,2
903,WIND_RunMiles,8,2.034628391265869,3
904,WIND_RunMiles,8,2.310673475265503,4
905,WIND_RunMiles,8,3.752964735031128,5
906,WIND_RunMiles,8,2.2595582008361816,6
907,WIND_RunMiles,8,2.5742440223693848,7
908,WIND_RunMiles,8,2.6727004051208496,8
909,WIND_RunMiles,8,2.0876500606536865,9
910,WIND_RunMiles,8,2.2271640300750732,10
911,WIND_RunMiles,8,1.863975167274475,11
912,WIND_RunMiles,8,2.6666882038116455,12
913,WIND_RunMiles,8,2.640122175216675,13
914,WIND_RunMiles,8,2.0201399326324463,14
915,WIND_RunMiles,8,2.3474912643432617,15
916,WIND_RunMiles,8,2.487917184829712,16
917,WIND_RunMiles,8,2.2387635707855225,17
918,WIND_RunMiles,8,2.782392740249634,18
919,WIND_RunMiles,8,2.595903158187866,19
920,WIND_RunMiles,8,2.948608160018921,20
921,WIND_RunMiles,8,2.004169225692749,21
922,WIND_RunMiles,8,2.7815840244293213,22
923,WIND_RunMiles,8,2.4393343925476074,23
924,WIND_RunMiles,8,2.6756935119628906,24
925,WIND_RunMiles,8,1.9457244873046875,25
926,WIND_RunMiles,8,1.8610587120056152,26
927,WIND_RunMiles,8,2.414130449295044,27
928,WIND_RunMiles,8,2.6148998737335205,28
929,WIND_RunMiles,8,2.6106858253479004,29
930,WIND_RunMiles,8,2.3535075187683105,30
931,WIND_RunMiles,8,2.0049164295196533,31
932,WIND_RunMiles,8,2.616548776626587,32
933,WIND_RunMiles,8,3.220111131668091,33
934,WIND_RunMiles,8,2.0781943798065186,34
935,WIND_RunMiles,8,2.564458131790161,35
936,WIND_RunMiles,8,2.4637370109558105,36
937,WIND_RunMiles,8,2.2189338207244873,37
938,WIND_RunMiles,8,2.087236166000366,38
939,WIND_RunMiles,8,2.2775330543518066,39
940,WIND_RunMiles,8,2.0476999282836914,40
941,WIND_RunMiles,8,2.7643282413482666,41
942,WIND_RunMiles,8,2.6269214153289795,42
943,WIND_RunMiles,8,2.4475319385528564,43
944,WIND_RunMiles,8,2.5924222469329834,44
945,WIND_RunMiles,8,2.14705753326416,45
946,WIND_RunMiles,8,2.2149248123168945,46
947,WIND_RunMiles,8,1.9708781242370605,47
948,WIND_RunMiles,8,2.2666170597076416,48
949,WIND_RunMiles,8,2.978881359100342,49
950,WIND_RunMiles,12,2.359374523162842,0
951,WIND_RunMiles,12,1.2762526273727417,1
952,WIND_RunMiles,12,2.473731517791748,2
953,WIND_RunMiles,12,2.7536377906799316,3
954,WIND_RunMiles,12,2.570969820022583,4
955,WIND_RunMiles,12,2.71710467338562,5
956,WIND_RunMiles,12,1.5780696868896484,6
957,WIND_RunMiles,12,2.3569438457489014,7
958,WIND_RunMiles,12,2.1485483646392822,8
959,WIND_RunMiles,12,1.6141924858093262,9
960,WIND_RunMiles,12,2.5368564128875732,10
961,WIND_RunMiles,12,2.248386859893799,11
962,WIND_RunMiles,12,1.7263277769088745,12
963,WIND_RunMiles,12,2.752436637878418,13
964,WIND_RunMiles,12,2.901305913925171,14
965,WIND_RunMiles,12,2.7454545497894287,15
966,WIND_RunMiles,12,2.125286102294922,16
967,WIND_RunMiles,12,2.7890419960021973,17
968,WIND_RunMiles,12,1.3829678297042847,18
969,WIND_RunMiles,12,2.732224225997925,19
970,WIND_RunMiles,12,1.6617001295089722,20
971,WIND_RunMiles,12,2.201101541519165,21
972,WIND_RunMiles,12,2.3013064861297607,22
973,WIND_RunMiles,12,2.4823782444000244,23
974,WIND_RunMiles,12,1.9147679805755615,24
975,WIND_RunMiles,12,1.7730408906936646,25
976,WIND_RunMiles,12,2.700747489929199,26
977,WIND_RunMiles,12,2.6077089309692383,27
978,WIND_RunMiles,12,2.5679187774658203,28
979,WIND_RunMiles,12,2.5970656871795654,29
980,WIND_RunMiles,12,2.5211572647094727,30
981,WIND_RunMiles,12,1.7329634428024292,31
982,WIND_RunMiles,12,2.122133255004883,32
983,WIND_RunMiles,12,2.5586020946502686,33
984,WIND_RunMiles,12,1.8179898262023926,34
985,WIND_RunMiles,12,2.4604568481445312,35
986,WIND_RunMiles,12,3.041529417037964,36
987,WIND_RunMiles,12,2.354747772216797,37
988,WIND_RunMiles,12,1.6516382694244385,38
989,WIND_RunMiles,12,2.783363103866577,39
990,WIND_RunMiles,12,2.4225013256073,40
991,WIND_RunMiles,12,2.5352649688720703,41
992,WIND_RunMiles,12,2.826068639755249,42
993,WIND_RunMiles,12,2.5852251052856445,43
994,WIND_RunMiles,12,2.402376890182495,44
995,WIND_RunMiles,12,1.930064082145691,45
996,WIND_RunMiles,12,2.2573156356811523,46
997,WIND_RunMiles,12,1.886730670928955,47
998,WIND_RunMiles,12,1.9123767614364624,48
999,WIND_RunMiles,12,2.5820608139038086,49
1000,AQI_PM25,1,2.7641117572784424,0
1001,AQI_PM25,1,2.766559600830078,1
1002,AQI_PM25,1,2.686941146850586,2
1003,AQI_PM25,1,2.701869249343872,3
1004,AQI_PM25,1,2.7114639282226562,4
1005,AQI_PM25,1,2.6667439937591553,5
1006,AQI_PM25,1,2.79050350189209,6
1007,AQI_PM25,1,2.7042198181152344,7
1008,AQI_PM25,1,2.7002947330474854,8
1009,AQI_PM25,1,2.700946569442749,9
1010,AQI_PM25,1,2.742767095565796,10
1011,AQI_PM25,1,2.7185308933258057,11
1012,AQI_PM25,1,2.7066810131073,12
1013,AQI_PM25,1,2.6938138008117676,13
1014,AQI_PM25,1,2.6791326999664307,14
1015,AQI_PM25,1,2.7416789531707764,15
1016,AQI_PM25,1,2.6126866340637207,16
1017,AQI_PM25,1,2.7113494873046875,17
1018,AQI_PM25,1,2.7216901779174805,18
1019,AQI_PM25,1,2.722437620162964,19
1020,AQI_PM25,1,2.7149012088775635,20
1021,AQI_PM25,1,2.678544521331787,21
1022,AQI_PM25,1,2.734651803970337,22
1023,AQI_PM25,1,2.73382830619812,23
1024,AQI_PM25,1,2.759765863418579,24
1025,AQI_PM25,1,2.7198526859283447,25
1026,AQI_PM25,1,2.7694106101989746,26
1027,AQI_PM25,1,2.7808713912963867,27
1028,AQI_PM25,1,2.705038070678711,28
1029,AQI_PM25,1,2.7149970531463623,29
1030,AQI_PM25,1,2.726412057876587,30
1031,AQI_PM25,1,2.7478673458099365,31
1032,AQI_PM25,1,2.718743085861206,32
1033,AQI_PM25,1,2.737100124359131,33
1034,AQI_PM25,1,2.7265431880950928,34
1035,AQI_PM25,1,2.735114097595215,35
1036,AQI_PM25,1,2.7135725021362305,36
1037,AQI_PM25,1,2.6867427825927734,37
1038,AQI_PM25,1,2.7403783798217773,38
1039,AQI_PM25,1,2.690162181854248,39
1040,AQI_PM25,1,2.724470853805542,40
1041,AQI_PM25,1,2.674376964569092,41
1042,AQI_PM25,1,2.722940444946289,42
1043,AQI_PM25,1,2.7460830211639404,43
1044,AQI_PM25,1,2.7392020225524902,44
1045,AQI_PM25,1,2.708465814590454,45
1046,AQI_PM25,1,2.7090847492218018,46
1047,AQI_PM25,1,2.7224819660186768,47
1048,AQI_PM25,1,2.6956217288970947,48
1049,AQI_PM25,1,2.6976752281188965,49
1050,AQI_PM25,4,2.9387574195861816,0
1051,AQI_PM25,4,2.897447347640991,1
1052,AQI_PM25,4,2.8051767349243164,2
1053,AQI_PM25,4,2.931168556213379,3
1054,AQI_PM25,4,2.8069629669189453,4
1055,AQI_PM25,4,2.7716848850250244,5
1056,AQI_PM25,4,2.7345120906829834,6
1057,AQI_PM25,4,2.8667070865631104,7
1058,AQI_PM25,4,2.8007805347442627,8
1059,AQI_PM25,4,2.914337396621704,9
1060,AQI_PM25,4,2.9571492671966553,10
1061,AQI_PM25,4,2.921902894973755,11
1062,AQI_PM25,4,2.908273220062256,12
1063,AQI_PM25,4,2.8551511764526367,13
1064,AQI_PM25,4,2.7678349018096924,14
1065,AQI_PM25,4,2.8849103450775146,15
1066,AQI_PM25,4,2.846468210220337,16
1067,AQI_PM25,4,2.851339340209961,17
1068,AQI_PM25,4,2.845552921295166,18
1069,AQI_PM25,4,2.8291375637054443,19
1070,AQI_PM25,4,2.811889171600342,20
1071,AQI_PM25,4,2.8623433113098145,21
1072,AQI_PM25,4,2.867917060852051,22
1073,AQI_PM25,4,2.920851230621338,23
1074,AQI_PM25,4,2.8796586990356445,24
1075,AQI_PM25,4,2.7575745582580566,25
1076,AQI_PM25,4,2.8439574241638184,26
1077,AQI_PM25,4,2.77481746673584,27
1078,AQI_PM25,4,2.711021661758423,28
1079,AQI_PM25,4,2.821596622467041,29
1080,AQI_PM25,4,2.725386142730713,30
1081,AQI_PM25,4,2.702054023742676,31
1082,AQI_PM25,4,2.8022408485412598,32
1083,AQI_PM25,4,2.9119317531585693,33
1084,AQI_PM25,4,2.9380955696105957,34
1085,AQI_PM25,4,2.848231792449951,35
1086,AQI_PM25,4,2.8362159729003906,36
1087,AQI_PM25,4,2.9133176803588867,37
1088,AQI_PM25,4,2.85966157913208,38
1089,AQI_PM25,4,2.849881410598755,39
1090,AQI_PM25,4,2.800760507583618,40
1091,AQI_PM25,4,2.8795156478881836,41
1092,AQI_PM25,4,2.8128397464752197,42
1093,AQI_PM25,4,2.8266260623931885,43
1094,AQI_PM25,4,2.8533935546875,44
1095,AQI_PM25,4,2.9675278663635254,45
1096,AQI_PM25,4,2.783226728439331,46
1097,AQI_PM25,4,2.608276128768921,47
1098,AQI_PM25,4,2.940291404724121,48
1099,AQI_PM25,4,2.960120916366577,49
1100,AQI_PM25,8,2.9598238468170166,0
1101,AQI_PM25,8,3.318300724029541,1
1102,AQI_PM25,8,3.79581356048584,2
1103,AQI_PM25,8,3.3335790634155273,3
1104,AQI_PM25,8,2.875042676925659,4
1105,AQI_PM25,8,3.945896625518799,5
1106,AQI_PM25,8,3.3966903686523438,6
1107,AQI_PM25,8,3.200725793838501,7
1108,AQI_PM25,8,3.652757406234741,8
1109,AQI_PM25,8,3.210665702819824,9
1110,AQI_PM25,8,3.4588639736175537,10
1111,AQI_PM25,8,3.229816198348999,11
1112,AQI_PM25,8,3.402486801147461,12
1113,AQI_PM25,8,3.6073808670043945,13
1114,AQI_PM25,8,2.8426849842071533,14
1115,AQI_PM25,8,3.0679757595062256,15
1116,AQI_PM25,8,3.244837760925293,16
1117,AQI_PM25,8,3.94268798828125,17
1118,AQI_PM25,8,3.4218993186950684,18
1119,AQI_PM25,8,3.1826069355010986,19
1120,AQI_PM25,8,2.3625967502593994,20
1121,AQI_PM25,8,2.9532687664031982,21
1122,AQI_PM25,8,3.126478910446167,22
1123,AQI_PM25,8,2.715589761734009,23
1124,AQI_PM25,8,3.5622329711914062,24
1125,AQI_PM25,8,2.803109884262085,25
1126,AQI_PM25,8,3.979461908340454,26
1127,AQI_PM25,8,3.005086660385132,27
1128,AQI_PM25,8,3.4552083015441895,28
1129,AQI_PM25,8,2.170591115951538,29
1130,AQI_PM25,8,3.5412814617156982,30
1131,AQI_PM25,8,3.131190776824951,31
1132,AQI_PM25,8,2.782634735107422,32
1133,AQI_PM25,8,2.9924447536468506,33
1134,AQI_PM25,8,2.9700546264648438,34
1135,AQI_PM25,8,3.365996837615967,35
1136,AQI_PM25,8,2.9655580520629883,36
1137,AQI_PM25,8,3.0502641201019287,37
1138,AQI_PM25,8,2.966780424118042,38
1139,AQI_PM25,8,3.7770650386810303,39
1140,AQI_PM25,8,3.3838109970092773,40
1141,AQI_PM25,8,3.1356115341186523,41
1142,AQI_PM25,8,3.5102593898773193,42
1143,AQI_PM25,8,3.1932554244995117,43
1144,AQI_PM25,8,2.547499895095825,44
1145,AQI_PM25,8,3.2852187156677246,45
1146,AQI_PM25,8,3.0923216342926025,46
1147,AQI_PM25,8,2.889394760131836,47
1148,AQI_PM25,8,2.786813974380493,48
1149,AQI_PM25,8,3.1439287662506104,49
1150,AQI_PM25,12,3.0390543937683105,0
1151,AQI_PM25,12,1.971468448638916,1
1152,AQI_PM25,12,2.423717498779297,2
1153,AQI_PM25,12,3.925570011138916,3
1154,AQI_PM25,12,3.0029754638671875,4
1155,AQI_PM25,12,3.061452627182007,5
1156,AQI_PM25,12,3.8377506732940674,6
1157,AQI_PM25,12,3.929140090942383,7
1158,AQI_PM25,12,3.2761690616607666,8
1159,AQI_PM25,12,1.9239033460617065,9
1160,AQI_PM25,12,3.9626877307891846,10
1161,AQI_PM25,12,4.138973236083984,11
1162,AQI_PM25,12,4.069265365600586,12
1163,AQI_PM25,12,2.462221145629883,13
1164,AQI_PM25,12,2.8190181255340576,14
1165,AQI_PM25,12,4.661588191986084,15
1166,AQI_PM25,12,2.9379360675811768,16
1167,AQI_PM25,12,2.6880037784576416,17
1168,AQI_PM25,12,4.450324535369873,18
1169,AQI_PM25,12,2.54021954536438,19
1170,AQI_PM25,12,3.535452365875244,20
1171,AQI_PM25,12,4.118305683135986,21
1172,AQI_PM25,12,4.308655738830566,22
1173,AQI_PM25,12,3.7338833808898926,23
1174,AQI_PM25,12,3.5623281002044678,24
1175,AQI_PM25,12,2.5816547870635986,25
1176,AQI_PM25,12,3.8096132278442383,26
1177,AQI_PM25,12,3.23661208152771,27
1178,AQI_PM25,12,2.4863369464874268,28
1179,AQI_PM25,12,3.844013214111328,29
1180,AQI_PM25,12,4.327568054199219,30
1181,AQI_PM25,12,3.854192018508911,31
1182,AQI_PM25,12,4.6198201179504395,32
1183,AQI_PM25,12,4.044066429138184,33
1184,AQI_PM25,12,3.27180814743042,34
1185,AQI_PM25,12,4.331021785736084,35
1186,AQI_PM25,12,2.030843496322632,36
1187,AQI_PM25,12,4.630416393280029,37
1188,AQI_PM25,12,4.03953742980957,38
1189,AQI_PM25,12,4.156651973724365,39
1190,AQI_PM25,12,3.8029143810272217,40
1191,AQI_PM25,12,2.7784860134124756,41
1192,AQI_PM25,12,2.978909730911255,42
1193,AQI_PM25,12,3.6063899993896484,43
1194,AQI_PM25,12,2.4035394191741943,44
1195,AQI_PM25,12,2.555067777633667,45
1196,AQI_PM25,12,4.180831432342529,46
1197,AQI_PM25,12,2.636425495147705,47
1198,AQI_PM25,12,3.617914915084839,48
1199,AQI_PM25,12,3.7403786182403564,49
1200,AQI_PM10,1,2.692427635192871,0
1201,AQI_PM10,1,2.751188278198242,1
1202,AQI_PM10,1,2.723748207092285,2
1203,AQI_PM10,1,2.7444875240325928,3
1204,AQI_PM10,1,2.76288104057312,4
1205,AQI_PM10,1,2.726731538772583,5
1206,AQI_PM10,1,2.7637932300567627,6
1207,AQI_PM10,1,2.7418746948242188,7
1208,AQI_PM10,1,2.7454473972320557,8
1209,AQI_PM10,1,2.7738869190216064,9
1210,AQI_PM10,1,2.7495181560516357,10
1211,AQI_PM10,1,2.760909080505371,11
1212,AQI_PM10,1,2.776174306869507,12
1213,AQI_PM10,1,2.732480049133301,13
1214,AQI_PM10,1,2.8185479640960693,14
1215,AQI_PM10,1,2.761704683303833,15
1216,AQI_PM10,1,2.740123748779297,16
1217,AQI_PM10,1,2.7518200874328613,17
1218,AQI_PM10,1,2.7382287979125977,18
1219,AQI_PM10,1,2.736004114151001,19
1220,AQI_PM10,1,2.772373914718628,20
1221,AQI_PM10,1,2.724191188812256,21
1222,AQI_PM10,1,2.7705891132354736,22
1223,AQI_PM10,1,2.730635404586792,23
1224,AQI_PM10,1,2.768462896347046,24
1225,AQI_PM10,1,2.7610530853271484,25
1226,AQI_PM10,1,2.7654223442077637,26
1227,AQI_PM10,1,2.7320640087127686,27
1228,AQI_PM10,1,2.7166860103607178,28
1229,AQI_PM10,1,2.771287679672241,29
1230,AQI_PM10,1,2.748115301132202,30
1231,AQI_PM10,1,2.7290666103363037,31
1232,AQI_PM10,1,2.7271881103515625,32
1233,AQI_PM10,1,2.7238852977752686,33
1234,AQI_PM10,1,2.772566795349121,34
1235,AQI_PM10,1,2.7554702758789062,35
1236,AQI_PM10,1,2.759972095489502,36
1237,AQI_PM10,1,2.7696175575256348,37
1238,AQI_PM10,1,2.775700807571411,38
1239,AQI_PM10,1,2.7320802211761475,39
1240,AQI_PM10,1,2.7229514122009277,40
1241,AQI_PM10,1,2.7433876991271973,41
1242,AQI_PM10,1,2.7607266902923584,42
1243,AQI_PM10,1,2.739678382873535,43
1244,AQI_PM10,1,2.7602531909942627,44
1245,AQI_PM10,1,2.782353162765503,45
1246,AQI_PM10,1,2.7049386501312256,46
1247,AQI_PM10,1,2.7330546379089355,47
1248,AQI_PM10,1,2.7090959548950195,48
1249,AQI_PM10,1,2.736150026321411,49
1250,AQI_PM10,4,3.2090039253234863,0
1251,AQI_PM10,4,2.907687187194824,1
1252,AQI_PM10,4,2.965402364730835,2
1253,AQI_PM10,4,2.4990603923797607,3
1254,AQI_PM10,4,3.4236221313476562,4
1255,AQI_PM10,4,3.124927043914795,5
1256,AQI_PM10,4,2.521311044692993,6
1257,AQI_PM10,4,3.2464935779571533,7
1258,AQI_PM10,4,3.3561525344848633,8
1259,AQI_PM10,4,3.422295570373535,9
1260,AQI_PM10,4,3.406924247741699,10
1261,AQI_PM10,4,2.9363248348236084,11
1262,AQI_PM10,4,2.876976251602173,12
1263,AQI_PM10,4,3.5853662490844727,13
1264,AQI_PM10,4,3.480175256729126,14
1265,AQI_PM10,4,2.7528343200683594,15
1266,AQI_PM10,4,3.2396066188812256,16
1267,AQI_PM10,4,3.092963457107544,17
1268,AQI_PM10,4,3.115168809890747,18
1269,AQI_PM10,4,3.108208417892456,19
1270,AQI_PM10,4,3.1330766677856445,20
1271,AQI_PM10,4,2.920015335083008,21
1272,AQI_PM10,4,3.6107795238494873,22
1273,AQI_PM10,4,2.5984277725219727,23
1274,AQI_PM10,4,3.1525516510009766,24
1275,AQI_PM10,4,3.0436885356903076,25
1276,AQI_PM10,4,2.4663901329040527,26
1277,AQI_PM10,4,2.9548816680908203,27
1278,AQI_PM10,4,3.572187662124634,28
1279,AQI_PM10,4,3.507662773132324,29
1280,AQI_PM10,4,3.246403932571411,30
1281,AQI_PM10,4,2.819308280944824,31
1282,AQI_PM10,4,2.5312728881835938,32
1283,AQI_PM10,4,3.824465036392212,33
1284,AQI_PM10,4,2.9881131649017334,34
1285,AQI_PM10,4,3.0837316513061523,35
1286,AQI_PM10,4,2.4880542755126953,36
1287,AQI_PM10,4,3.3180336952209473,37
1288,AQI_PM10,4,3.233503580093384,38
1289,AQI_PM10,4,2.9033896923065186,39
1290,AQI_PM10,4,2.957263708114624,40
1291,AQI_PM10,4,3.34081768989563,41
1292,AQI_PM10,4,2.9591500759124756,42
1293,AQI_PM10,4,3.0431573390960693,43
1294,AQI_PM10,4,3.246216058731079,44
1295,AQI_PM10,4,3.5993287563323975,45
1296,AQI_PM10,4,2.9611568450927734,46
1297,AQI_PM10,4,2.8739547729492188,47
1298,AQI_PM10,4,3.3888726234436035,48
1299,AQI_PM10,4,2.985805034637451,49
1300,AQI_PM10,8,2.5210886001586914,0
1301,AQI_PM10,8,2.952129364013672,1
1302,AQI_PM10,8,3.125556230545044,2
1303,AQI_PM10,8,2.3971307277679443,3
1304,AQI_PM10,8,2.42307448387146,4
1305,AQI_PM10,8,2.6781625747680664,5
1306,AQI_PM10,8,2.742652654647827,6
1307,AQI_PM10,8,2.682011365890503,7
1308,AQI_PM10,8,2.61405611038208,8
1309,AQI_PM10,8,2.802720069885254,9
1310,AQI_PM10,8,2.5383753776550293,10
1311,AQI_PM10,8,2.5024287700653076,11
1312,AQI_PM10,8,2.4724550247192383,12
1313,AQI_PM10,8,2.26975679397583,13
1314,AQI_PM10,8,2.6424720287323,14
1315,AQI_PM10,8,2.3352770805358887,15
1316,AQI_PM10,8,2.4340271949768066,16
1317,AQI_PM10,8,1.6490857601165771,17
1318,AQI_PM10,8,3.3626697063446045,18
1319,AQI_PM10,8,2.2501943111419678,19
1320,AQI_PM10,8,2.5578057765960693,20
1321,AQI_PM10,8,2.6847362518310547,21
1322,AQI_PM10,8,2.417938470840454,22
1323,AQI_PM10,8,2.6409947872161865,23
1324,AQI_PM10,8,2.4781079292297363,24
1325,AQI_PM10,8,2.5226612091064453,25
1326,AQI_PM10,8,2.6273276805877686,26
1327,AQI_PM10,8,2.277427911758423,27
1328,AQI_PM10,8,2.3159282207489014,28
1329,AQI_PM10,8,3.3812873363494873,29
1330,AQI_PM10,8,2.451206684112549,30
1331,AQI_PM10,8,2.3489253520965576,31
1332,AQI_PM10,8,2.557368755340576,32
1333,AQI_PM10,8,2.9206416606903076,33
1334,AQI_PM10,8,2.6385295391082764,34
1335,AQI_PM10,8,3.0003297328948975,35
1336,AQI_PM10,8,2.578075647354126,36
1337,AQI_PM10,8,2.7421913146972656,37
1338,AQI_PM10,8,2.4188790321350098,38
1339,AQI_PM10,8,2.643099784851074,39
1340,AQI_PM10,8,2.387538433074951,40
1341,AQI_PM10,8,2.955047130584717,41
1342,AQI_PM10,8,2.324390411376953,42
1343,AQI_PM10,8,2.7050445079803467,43
1344,AQI_PM10,8,2.795581340789795,44
1345,AQI_PM10,8,2.271925449371338,45
1346,AQI_PM10,8,2.5563788414001465,46
1347,AQI_PM10,8,2.2230052947998047,47
1348,AQI_PM10,8,2.7063851356506348,48
1349,AQI_PM10,8,2.5042378902435303,49
1350,AQI_PM10,12,2.3184125423431396,0
1351,AQI_PM10,12,2.773050308227539,1
1352,AQI_PM10,12,1.9749581813812256,2
1353,AQI_PM10,12,1.9261053800582886,3
1354,AQI_PM10,12,4.821390628814697,4
1355,AQI_PM10,12,2.110607147216797,5
1356,AQI_PM10,12,2.1633336544036865,6
1357,AQI_PM10,12,2.4069113731384277,7
1358,AQI_PM10,12,1.3696452379226685,8
1359,AQI_PM10,12,1.8210737705230713,9
1360,AQI_PM10,12,1.010298490524292,10
1361,AQI_PM10,12,1.575668454170227,11
1362,AQI_PM10,12,1.0503041744232178,12
1363,AQI_PM10,12,2.2068560123443604,13
1364,AQI_PM10,12,0.8911537528038025,14
1365,AQI_PM10,12,1.5678660869598389,15
1366,AQI_PM10,12,2.8968679904937744,16
1367,AQI_PM10,12,3.6898763179779053,17
1368,AQI_PM10,12,2.434873580932617,18
1369,AQI_PM10,12,2.465378522872925,19
1370,AQI_PM10,12,2.082101583480835,20
1371,AQI_PM10,12,2.283080816268921,21
1372,AQI_PM10,12,2.088958263397217,22
1373,AQI_PM10,12,2.9254984855651855,23
1374,AQI_PM10,12,2.0090794563293457,24
1375,AQI_PM10,12,1.590381383895874,25
1376,AQI_PM10,12,2.2482922077178955,26
1377,AQI_PM10,12,2.421617031097412,27
1378,AQI_PM10,12,1.5306391716003418,28
1379,AQI_PM10,12,2.102924108505249,29
1380,AQI_PM10,12,1.6176873445510864,30
1381,AQI_PM10,12,2.181067705154419,31
1382,AQI_PM10,12,1.9879262447357178,32
1383,AQI_PM10,12,1.6154106855392456,33
1384,AQI_PM10,12,2.5218656063079834,34
1385,AQI_PM10,12,1.8171966075897217,35
1386,AQI_PM10,12,1.4866573810577393,36
1387,AQI_PM10,12,2.964186906814575,37
1388,AQI_PM10,12,2.1586709022521973,38
1389,AQI_PM10,12,1.603393793106079,39
1390,AQI_PM10,12,1.173104166984558,40
1391,AQI_PM10,12,1.7217381000518799,41
1392,AQI_PM10,12,1.4707105159759521,42
1393,AQI_PM10,12,1.3232563734054565,43
1394,AQI_PM10,12,2.5465810298919678,44
1395,AQI_PM10,12,2.420116901397705,45
1396,AQI_PM10,12,3.2701711654663086,46
1397,AQI_PM10,12,1.2689231634140015,47
1398,AQI_PM10,12,1.313978910446167,48
1399,AQI_PM10,12,1.534481406211853,49
1400,EARTHQUAKE_Total,1,2.772426128387451,0
1401,EARTHQUAKE_Total,1,2.7882957458496094,1
1402,EARTHQUAKE_Total,1,2.811307430267334,2
1403,EARTHQUAKE_Total,1,2.75411319732666,3
1404,EARTHQUAKE_Total,1,2.800663709640503,4
1405,EARTHQUAKE_Total,1,2.716395616531372,5
1406,EARTHQUAKE_Total,1,2.7656450271606445,6
1407,EARTHQUAKE_Total,1,2.7700035572052,7
1408,EARTHQUAKE_Total,1,2.7928757667541504,8
1409,EARTHQUAKE_Total,1,2.8010122776031494,9
1410,EARTHQUAKE_Total,1,2.798516035079956,10
1411,EARTHQUAKE_Total,1,2.7895402908325195,11
1412,EARTHQUAKE_Total,1,2.7810637950897217,12
1413,EARTHQUAKE_Total,1,2.7720999717712402,13
1414,EARTHQUAKE_Total,1,2.771242141723633,14
1415,EARTHQUAKE_Total,1,2.787747859954834,15
1416,EARTHQUAKE_Total,1,2.7713825702667236,16
1417,EARTHQUAKE_Total,1,2.745748519897461,17
1418,EARTHQUAKE_Total,1,2.770369291305542,18
1419,EARTHQUAKE_Total,1,2.7310609817504883,19
1420,EARTHQUAKE_Total,1,2.7520742416381836,20
1421,EARTHQUAKE_Total,1,2.782778024673462,21
1422,EARTHQUAKE_Total,1,2.7707672119140625,22
1423,EARTHQUAKE_Total,1,2.746664524078369,23
1424,EARTHQUAKE_Total,1,2.7779431343078613,24
1425,EARTHQUAKE_Total,1,2.7973878383636475,25
1426,EARTHQUAKE_Total,1,2.7828004360198975,26
1427,EARTHQUAKE_Total,1,2.744818925857544,27
1428,EARTHQUAKE_Total,1,2.748962640762329,28
1429,EARTHQUAKE_Total,1,2.7347238063812256,29
1430,EARTHQUAKE_Total,1,2.7730894088745117,30
1431,EARTHQUAKE_Total,1,2.7984814643859863,31
1432,EARTHQUAKE_Total,1,2.784694194793701,32
1433,EARTHQUAKE_Total,1,2.7647907733917236,33
1434,EARTHQUAKE_Total,1,2.7663938999176025,34
1435,EARTHQUAKE_Total,1,2.7636749744415283,35
1436,EARTHQUAKE_Total,1,2.7704663276672363,36
1437,EARTHQUAKE_Total,1,2.767808675765991,37
1438,EARTHQUAKE_Total,1,2.7739460468292236,38
1439,EARTHQUAKE_Total,1,2.7475030422210693,39
1440,EARTHQUAKE_Total,1,2.7756779193878174,40
1441,EARTHQUAKE_Total,1,2.76666522026062,41
1442,EARTHQUAKE_Total,1,2.7667367458343506,42
1443,EARTHQUAKE_Total,1,2.7839672565460205,43
1444,EARTHQUAKE_Total,1,2.765592575073242,44
1445,EARTHQUAKE_Total,1,2.8057210445404053,45
1446,EARTHQUAKE_Total,1,2.752635955810547,46
1447,EARTHQUAKE_Total,1,2.7868828773498535,47
1448,EARTHQUAKE_Total,1,2.7446746826171875,48
1449,EARTHQUAKE_Total,1,2.768632411956787,49
1450,EARTHQUAKE_Total,4,2.76639986038208,0
1451,EARTHQUAKE_Total,4,2.900728702545166,1
1452,EARTHQUAKE_Total,4,2.734011173248291,2
1453,EARTHQUAKE_Total,4,2.8881211280822754,3
1454,EARTHQUAKE_Total,4,2.822160243988037,4
1455,EARTHQUAKE_Total,4,2.812049627304077,5
1456,EARTHQUAKE_Total,4,2.938239574432373,6
1457,EARTHQUAKE_Total,4,2.816398859024048,7
1458,EARTHQUAKE_Total,4,2.7396037578582764,8
1459,EARTHQUAKE_Total,4,2.7182793617248535,9
1460,EARTHQUAKE_Total,4,2.7977941036224365,10
1461,EARTHQUAKE_Total,4,2.700300931930542,11
1462,EARTHQUAKE_Total,4,2.8650386333465576,12
1463,EARTHQUAKE_Total,4,2.7654292583465576,13
1464,EARTHQUAKE_Total,4,2.854761838912964,14
1465,EARTHQUAKE_Total,4,2.7668771743774414,15
1466,EARTHQUAKE_Total,4,2.7841546535491943,16
1467,EARTHQUAKE_Total,4,2.8250105381011963,17
1468,EARTHQUAKE_Total,4,2.785109043121338,18
1469,EARTHQUAKE_Total,4,2.7640538215637207,19
1470,EARTHQUAKE_Total,4,2.829695224761963,20
1471,EARTHQUAKE_Total,4,2.859679937362671,21
1472,EARTHQUAKE_Total,4,2.648343086242676,22
1473,EARTHQUAKE_Total,4,2.641019344329834,23
1474,EARTHQUAKE_Total,4,2.752333164215088,24
1475,EARTHQUAKE_Total,4,2.5545713901519775,25
1476,EARTHQUAKE_Total,4,2.6596732139587402,26
1477,EARTHQUAKE_Total,4,2.809979200363159,27
1478,EARTHQUAKE_Total,4,2.781728982925415,28
1479,EARTHQUAKE_Total,4,2.8612749576568604,29
1480,EARTHQUAKE_Total,4,2.6822922229766846,30
1481,EARTHQUAKE_Total,4,2.619656562805176,31
1482,EARTHQUAKE_Total,4,2.7533531188964844,32
1483,EARTHQUAKE_Total,4,2.573397159576416,33
1484,EARTHQUAKE_Total,4,2.7466800212860107,34
1485,EARTHQUAKE_Total,4,2.784975528717041,35
1486,EARTHQUAKE_Total,4,2.7523367404937744,36
1487,EARTHQUAKE_Total,4,2.6402382850646973,37
1488,EARTHQUAKE_Total,4,2.850830554962158,38
1489,EARTHQUAKE_Total,4,2.813788890838623,39
1490,EARTHQUAKE_Total,4,2.697969913482666,40
1491,EARTHQUAKE_Total,4,2.6996912956237793,41
1492,EARTHQUAKE_Total,4,2.7054479122161865,42
1493,EARTHQUAKE_Total,4,2.8841664791107178,43
1494,EARTHQUAKE_Total,4,2.733614683151245,44
1495,EARTHQUAKE_Total,4,2.6969170570373535,45
1496,EARTHQUAKE_Total,4,2.6288373470306396,46
1497,EARTHQUAKE_Total,4,2.59716796875,47
1498,EARTHQUAKE_Total,4,2.9317171573638916,48
1499,EARTHQUAKE_Total,4,2.753695249557495,49
1500,EARTHQUAKE_Total,8,2.599804401397705,0
1501,EARTHQUAKE_Total,8,2.9001972675323486,1
1502,EARTHQUAKE_Total,8,2.5949153900146484,2
1503,EARTHQUAKE_Total,8,2.6476356983184814,3
1504,EARTHQUAKE_Total,8,2.8892595767974854,4
1505,EARTHQUAKE_Total,8,2.8987131118774414,5
1506,EARTHQUAKE_Total,8,2.7879996299743652,6
1507,EARTHQUAKE_Total,8,2.6220810413360596,7
1508,EARTHQUAKE_Total,8,2.9197592735290527,8
1509,EARTHQUAKE_Total,8,2.741763114929199,9
1510,EARTHQUAKE_Total,8,2.8326141834259033,10
1511,EARTHQUAKE_Total,8,2.7457356452941895,11
1512,EARTHQUAKE_Total,8,2.7122068405151367,12
1513,EARTHQUAKE_Total,8,2.8665225505828857,13
1514,EARTHQUAKE_Total,8,2.9094111919403076,14
1515,EARTHQUAKE_Total,8,2.6808745861053467,15
1516,EARTHQUAKE_Total,8,2.782811164855957,16
1517,EARTHQUAKE_Total,8,3.086252212524414,17
1518,EARTHQUAKE_Total,8,2.6345529556274414,18
1519,EARTHQUAKE_Total,8,2.73127818107605,19
1520,EARTHQUAKE_Total,8,2.7342019081115723,20
1521,EARTHQUAKE_Total,8,2.848917245864868,21
1522,EARTHQUAKE_Total,8,2.8317806720733643,22
1523,EARTHQUAKE_Total,8,2.563565969467163,23
1524,EARTHQUAKE_Total,8,2.6163904666900635,24
1525,EARTHQUAKE_Total,8,2.5752756595611572,25
1526,EARTHQUAKE_Total,8,2.527299642562866,26
1527,EARTHQUAKE_Total,8,2.7990963459014893,27
1528,EARTHQUAKE_Total,8,2.7844395637512207,28
1529,EARTHQUAKE_Total,8,3.151562452316284,29
1530,EARTHQUAKE_Total,8,2.705719470977783,30
1531,EARTHQUAKE_Total,8,2.6766791343688965,31
1532,EARTHQUAKE_Total,8,2.715566873550415,32
1533,EARTHQUAKE_Total,8,2.7540125846862793,33
1534,EARTHQUAKE_Total,8,2.6646888256073,34
1535,EARTHQUAKE_Total,8,2.8080551624298096,35
1536,EARTHQUAKE_Total,8,2.738672971725464,36
1537,EARTHQUAKE_Total,8,2.610767364501953,37
1538,EARTHQUAKE_Total,8,2.995246410369873,38
1539,EARTHQUAKE_Total,8,2.8092567920684814,39
1540,EARTHQUAKE_Total,8,2.564326524734497,40
1541,EARTHQUAKE_Total,8,2.811932325363159,41
1542,EARTHQUAKE_Total,8,2.8658740520477295,42
1543,EARTHQUAKE_Total,8,2.6685078144073486,43
1544,EARTHQUAKE_Total,8,2.9719882011413574,44
1545,EARTHQUAKE_Total,8,2.938589334487915,45
1546,EARTHQUAKE_Total,8,2.5311696529388428,46
1547,EARTHQUAKE_Total,8,2.555751085281372,47
1548,EARTHQUAKE_Total,8,2.8075385093688965,48
1549,EARTHQUAKE_Total,8,2.878044605255127,49
1550,EARTHQUAKE_Total,12,2.8745269775390625,0
1551,EARTHQUAKE_Total,12,2.3410840034484863,1
1552,EARTHQUAKE_Total,12,2.4174983501434326,2
1553,EARTHQUAKE_Total,12,2.5608718395233154,3
1554,EARTHQUAKE_Total,12,2.199148178100586,4
1555,EARTHQUAKE_Total,12,2.5814192295074463,5
1556,EARTHQUAKE_Total,12,2.452704906463623,6
1557,EARTHQUAKE_Total,12,2.7350497245788574,7
1558,EARTHQUAKE_Total,12,2.0531489849090576,8
1559,EARTHQUAKE_Total,12,2.7630605697631836,9
1560,EARTHQUAKE_Total,12,2.632326364517212,10
1561,EARTHQUAKE_Total,12,2.739997386932373,11
1562,EARTHQUAKE_Total,12,2.217642307281494,12
1563,EARTHQUAKE_Total,12,2.3693687915802,13
1564,EARTHQUAKE_Total,12,2.192647695541382,14
1565,EARTHQUAKE_Total,12,2.4254910945892334,15
1566,EARTHQUAKE_Total,12,2.2523956298828125,16
1567,EARTHQUAKE_Total,12,2.2075202465057373,17
1568,EARTHQUAKE_Total,12,2.1693789958953857,18
1569,EARTHQUAKE_Total,12,2.206556558609009,19
1570,EARTHQUAKE_Total,12,2.3113784790039062,20
1571,EARTHQUAKE_Total,12,2.412890672683716,21
1572,EARTHQUAKE_Total,12,2.6245265007019043,22
1573,EARTHQUAKE_Total,12,2.219494104385376,23
1574,EARTHQUAKE_Total,12,2.6112678050994873,24
1575,EARTHQUAKE_Total,12,2.232860565185547,25
1576,EARTHQUAKE_Total,12,2.0654284954071045,26
1577,EARTHQUAKE_Total,12,2.4522910118103027,27
1578,EARTHQUAKE_Total,12,2.446906805038452,28
1579,EARTHQUAKE_Total,12,1.7335811853408813,29
1580,EARTHQUAKE_Total,12,2.2135987281799316,30
1581,EARTHQUAKE_Total,12,1.4518139362335205,31
1582,EARTHQUAKE_Total,12,2.149003505706787,32
1583,EARTHQUAKE_Total,12,1.2442307472229004,33
1584,EARTHQUAKE_Total,12,2.0359697341918945,34
1585,EARTHQUAKE_Total,12,2.091952323913574,35
1586,EARTHQUAKE_Total,12,2.593201160430908,36
1587,EARTHQUAKE_Total,12,2.320101737976074,37
1588,EARTHQUAKE_Total,12,2.23238468170166,38
1589,EARTHQUAKE_Total,12,2.1554548740386963,39
1590,EARTHQUAKE_Total,12,1.9726145267486572,40
1591,EARTHQUAKE_Total,12,2.418747901916504,41
1592,EARTHQUAKE_Total,12,2.477405309677124,42
1593,EARTHQUAKE_Total,12,2.3720197677612305,43
1594,EARTHQUAKE_Total,12,2.2866272926330566,44
1595,EARTHQUAKE_Total,12,2.460585355758667,45
1596,EARTHQUAKE_Total,12,2.659567356109619,46
1597,EARTHQUAKE_Total,12,2.290628671646118,47
1598,EARTHQUAKE_Total,12,2.326392650604248,48
1599,EARTHQUAKE_Total,12,2.195977210998535,49
1600,PESTICIDE_Total,1,2.753779172897339,0
1601,PESTICIDE_Total,1,2.759690046310425,1
1602,PESTICIDE_Total,1,2.6423754692077637,2
1603,PESTICIDE_Total,1,2.8110461235046387,3
1604,PESTICIDE_Total,1,2.771571636199951,4
1605,PESTICIDE_Total,1,2.7641448974609375,5
1606,PESTICIDE_Total,1,2.7422995567321777,6
1607,PESTICIDE_Total,1,2.7656025886535645,7
1608,PESTICIDE_Total,1,2.6720988750457764,8
1609,PESTICIDE_Total,1,2.8393657207489014,9
1610,PESTICIDE_Total,1,2.738999843597412,10
1611,PESTICIDE_Total,1,2.80359148979187,11
1612,PESTICIDE_Total,1,2.7719614505767822,12
1613,PESTICIDE_Total,1,2.780294179916382,13
1614,PESTICIDE_Total,1,2.689324378967285,14
1615,PESTICIDE_Total,1,2.7799482345581055,15
1616,PESTICIDE_Total,1,2.7455344200134277,16
1617,PESTICIDE_Total,1,2.7275846004486084,17
1618,PESTICIDE_Total,1,2.6814823150634766,18
1619,PESTICIDE_Total,1,2.756537675857544,19
1620,PESTICIDE_Total,1,2.8029911518096924,20
1621,PESTICIDE_Total,1,2.710712432861328,21
1622,PESTICIDE_Total,1,2.769026756286621,22
1623,PESTICIDE_Total,1,2.772103786468506,23
1624,PESTICIDE_Total,1,2.8722805976867676,24
1625,PESTICIDE_Total,1,2.7153029441833496,25
1626,PESTICIDE_Total,1,2.725363254547119,26
1627,PESTICIDE_Total,1,2.766392469406128,27
1628,PESTICIDE_Total,1,2.8465158939361572,28
1629,PESTICIDE_Total,1,2.6330013275146484,29
1630,PESTICIDE_Total,1,2.774858236312866,30
1631,PESTICIDE_Total,1,2.792184591293335,31
1632,PESTICIDE_Total,1,2.8515100479125977,32
1633,PESTICIDE_Total,1,2.761394500732422,33
1634,PESTICIDE_Total,1,2.78625750541687,34
1635,PESTICIDE_Total,1,2.7680704593658447,35
1636,PESTICIDE_Total,1,2.8174021244049072,36
1637,PESTICIDE_Total,1,2.708590030670166,37
1638,PESTICIDE_Total,1,2.707716226577759,38
1639,PESTICIDE_Total,1,2.803088903427124,39
1640,PESTICIDE_Total,1,2.7269692420959473,40
1641,PESTICIDE_Total,1,2.729246139526367,41
1642,PESTICIDE_Total,1,2.752291440963745,42
1643,PESTICIDE_Total,1,2.7227256298065186,43
1644,PESTICIDE_Total,1,2.6424455642700195,44
1645,PESTICIDE_Total,1,2.590268850326538,45
1646,PESTICIDE_Total,1,2.793302536010742,46
1647,PESTICIDE_Total,1,2.796790838241577,47
1648,PESTICIDE_Total,1,2.811490297317505,48
1649,PESTICIDE_Total,1,2.794004440307617,49
1650,PESTICIDE_Total,4,3.0663630962371826,0
1651,PESTICIDE_Total,4,2.7412102222442627,1
1652,PESTICIDE_Total,4,3.2278525829315186,2
1653,PESTICIDE_Total,4,2.4499144554138184,3
1654,PESTICIDE_Total,4,3.0975959300994873,4
1655,PESTICIDE_Total,4,3.083379030227661,5
1656,PESTICIDE_Total,4,3.139998435974121,6
1657,PESTICIDE_Total,4,3.231029748916626,7
1658,PESTICIDE_Total,4,3.1866166591644287,8
1659,PESTICIDE_Total,4,2.992392063140869,9
1660,PESTICIDE_Total,4,3.1467463970184326,10
1661,PESTICIDE_Total,4,3.301161766052246,11
1662,PESTICIDE_Total,4,3.199798345565796,12
1663,PESTICIDE_Total,4,3.246410608291626,13
1664,PESTICIDE_Total,4,3.112091064453125,14
1665,PESTICIDE_Total,4,2.831249952316284,15
1666,PESTICIDE_Total,4,2.4190287590026855,16
1667,PESTICIDE_Total,4,3.0474905967712402,17
1668,PESTICIDE_Total,4,3.179837226867676,18
1669,PESTICIDE_Total,4,3.1728246212005615,19
1670,PESTICIDE_Total,4,2.6034696102142334,20
1671,PESTICIDE_Total,4,2.8392837047576904,21
1672,PESTICIDE_Total,4,2.9176158905029297,22
1673,PESTICIDE_Total,4,3.179473400115967,23
1674,PESTICIDE_Total,4,3.090670108795166,24
1675,PESTICIDE_Total,4,2.9807779788970947,25
1676,PESTICIDE_Total,4,3.1032888889312744,26
1677,PESTICIDE_Total,4,2.9734106063842773,27
1678,PESTICIDE_Total,4,3.077348232269287,28
1679,PESTICIDE_Total,4,3.2187588214874268,29
1680,PESTICIDE_Total,4,3.5508148670196533,30
1681,PESTICIDE_Total,4,2.4983513355255127,31
1682,PESTICIDE_Total,4,2.852581024169922,32
1683,PESTICIDE_Total,4,2.975006103515625,33
1684,PESTICIDE_Total,4,3.1077075004577637,34
1685,PESTICIDE_Total,4,3.138037919998169,35
1686,PESTICIDE_Total,4,2.9386205673217773,36
1687,PESTICIDE_Total,4,3.2565488815307617,37
1688,PESTICIDE_Total,4,3.061666250228882,38
1689,PESTICIDE_Total,4,3.2470169067382812,39
1690,PESTICIDE_Total,4,2.7110791206359863,40
1691,PESTICIDE_Total,4,2.8934364318847656,41
1692,PESTICIDE_Total,4,3.39294695854187,42
1693,PESTICIDE_Total,4,3.1584856510162354,43
1694,PESTICIDE_Total,4,3.0573318004608154,44
1695,PESTICIDE_Total,4,2.837216377258301,45
1696,PESTICIDE_Total,4,2.991805076599121,46
1697,PESTICIDE_Total,4,2.637465715408325,47
1698,PESTICIDE_Total,4,3.036757707595825,48
1699,PESTICIDE_Total,4,3.0448572635650635,49
1700,PESTICIDE_Total,8,2.5669431686401367,0
1701,PESTICIDE_Total,8,3.5058488845825195,1
1702,PESTICIDE_Total,8,3.2211697101593018,2
1703,PESTICIDE_Total,8,4.04945182800293,3
1704,PESTICIDE_Total,8,2.4822473526000977,4
1705,PESTICIDE_Total,8,3.6834046840667725,5
1706,PESTICIDE_Total,8,3.0944197177886963,6
1707,PESTICIDE_Total,8,4.131298542022705,7
1708,PESTICIDE_Total,8,4.211755752563477,8
1709,PESTICIDE_Total,8,2.468181610107422,9
1710,PESTICIDE_Total,8,2.309434175491333,10
1711,PESTICIDE_Total,8,3.37398099899292,11
1712,PESTICIDE_Total,8,3.715501308441162,12
1713,PESTICIDE_Total,8,3.151054620742798,13
1714,PESTICIDE_Total,8,2.875847101211548,14
1715,PESTICIDE_Total,8,2.557286262512207,15
1716,PESTICIDE_Total,8,4.349634647369385,16
1717,PESTICIDE_Total,8,3.820526361465454,17
1718,PESTICIDE_Total,8,2.982184648513794,18
1719,PESTICIDE_Total,8,4.4916863441467285,19
1720,PESTICIDE_Total,8,3.0664350986480713,20
1721,PESTICIDE_Total,8,2.696784496307373,21
1722,PESTICIDE_Total,8,2.6161251068115234,22
1723,PESTICIDE_Total,8,2.448760986328125,23
1724,PESTICIDE_Total,8,4.111950874328613,24
1725,PESTICIDE_Total,8,3.793541431427002,25
1726,PESTICIDE_Total,8,4.417139053344727,26
1727,PESTICIDE_Total,8,4.223964691162109,27
1728,PESTICIDE_Total,8,3.8601324558258057,28
1729,PESTICIDE_Total,8,3.083731174468994,29
1730,PESTICIDE_Total,8,2.466193675994873,30
1731,PESTICIDE_Total,8,3.796128749847412,31
1732,PESTICIDE_Total,8,3.4188358783721924,32
1733,PESTICIDE_Total,8,3.939274549484253,33
1734,PESTICIDE_Total,8,2.436250686645508,34
1735,PESTICIDE_Total,8,2.941185712814331,35
1736,PESTICIDE_Total,8,3.0819365978240967,36
1737,PESTICIDE_Total,8,2.9399585723876953,37
1738,PESTICIDE_Total,8,3.6653292179107666,38
1739,PESTICIDE_Total,8,2.616915702819824,39
1740,PESTICIDE_Total,8,3.5231893062591553,40
1741,PESTICIDE_Total,8,2.8674421310424805,41
1742,PESTICIDE_Total,8,5.286910533905029,42
1743,PESTICIDE_Total,8,3.0549919605255127,43
1744,PESTICIDE_Total,8,4.280569076538086,44
1745,PESTICIDE_Total,8,3.1856114864349365,45
1746,PESTICIDE_Total,8,2.2574656009674072,46
1747,PESTICIDE_Total,8,2.5786375999450684,47
1748,PESTICIDE_Total,8,3.5145113468170166,48
1749,PESTICIDE_Total,8,3.8807716369628906,49
1750,PESTICIDE_Total,12,6.176070213317871,0
1751,PESTICIDE_Total,12,2.924772024154663,1
1752,PESTICIDE_Total,12,2.3473989963531494,2
1753,PESTICIDE_Total,12,3.353515386581421,3
1754,PESTICIDE_Total,12,2.902590274810791,4
1755,PESTICIDE_Total,12,2.253033399581909,5
1756,PESTICIDE_Total,12,2.4676284790039062,6
1757,PESTICIDE_Total,12,2.9331507682800293,7
1758,PESTICIDE_Total,12,2.65340518951416,8
1759,PESTICIDE_Total,12,1.9164539575576782,9
1760,PESTICIDE_Total,12,2.1570639610290527,10
1761,PESTICIDE_Total,12,3.703038215637207,11
1762,PESTICIDE_Total,12,2.2460739612579346,12
1763,PESTICIDE_Total,12,1.666680932044983,13
1764,PESTICIDE_Total,12,2.1160433292388916,14
1765,PESTICIDE_Total,12,3.325904607772827,15
1766,PESTICIDE_Total,12,1.398645043373108,16
1767,PESTICIDE_Total,12,2.0673718452453613,17
1768,PESTICIDE_Total,12,2.142519235610962,18
1769,PESTICIDE_Total,12,1.6383943557739258,19
1770,PESTICIDE_Total,12,2.5814948081970215,20
1771,PESTICIDE_Total,12,2.5650691986083984,21
1772,PESTICIDE_Total,12,2.6906747817993164,22
1773,PESTICIDE_Total,12,2.1338424682617188,23
1774,PESTICIDE_Total,12,1.8263936042785645,24
1775,PESTICIDE_Total,12,2.306363344192505,25
1776,PESTICIDE_Total,12,2.4779880046844482,26
1777,PESTICIDE_Total,12,2.691826820373535,27
1778,PESTICIDE_Total,12,4.119775295257568,28
1779,PESTICIDE_Total,12,1.6513996124267578,29
1780,PESTICIDE_Total,12,1.4788587093353271,30
1781,PESTICIDE_Total,12,2.308643102645874,31
1782,PESTICIDE_Total,12,2.2069599628448486,32
1783,PESTICIDE_Total,12,2.740400552749634,33
1784,PESTICIDE_Total,12,2.1309804916381836,34
1785,PESTICIDE_Total,12,1.522265911102295,35
1786,PESTICIDE_Total,12,2.554511308670044,36
1787,PESTICIDE_Total,12,2.7490074634552,37
1788,PESTICIDE_Total,12,2.6481211185455322,38
1789,PESTICIDE_Total,12,1.7978737354278564,39
1790,PESTICIDE_Total,12,4.884992599487305,40
1791,PESTICIDE_Total,12,3.4340951442718506,41
1792,PESTICIDE_Total,12,2.8187062740325928,42
1793,PESTICIDE_Total,12,2.301898956298828,43
1794,PESTICIDE_Total,12,2.1147477626800537,44
1795,PESTICIDE_Total,12,2.5081968307495117,45
1796,PESTICIDE_Total,12,4.791774272918701,46
1797,PESTICIDE_Total,12,1.57766854763031,47
1798,PESTICIDE_Total,12,2.1599395275115967,48
1799,PESTICIDE_Total,12,1.3447377681732178,49
1800,POUNDS_PRODUCT_APPLIED,1,2.741697072982788,0
1801,POUNDS_PRODUCT_APPLIED,1,2.7774457931518555,1
1802,POUNDS_PRODUCT_APPLIED,1,2.7217352390289307,2
1803,POUNDS_PRODUCT_APPLIED,1,2.7269790172576904,3
1804,POUNDS_PRODUCT_APPLIED,1,2.678999900817871,4
1805,POUNDS_PRODUCT_APPLIED,1,2.695204973220825,5
1806,POUNDS_PRODUCT_APPLIED,1,2.740384817123413,6
1807,POUNDS_PRODUCT_APPLIED,1,2.759694814682007,7
1808,POUNDS_PRODUCT_APPLIED,1,2.7831547260284424,8
1809,POUNDS_PRODUCT_APPLIED,1,2.752216339111328,9
1810,POUNDS_PRODUCT_APPLIED,1,2.739558696746826,10
1811,POUNDS_PRODUCT_APPLIED,1,2.729137659072876,11
1812,POUNDS_PRODUCT_APPLIED,1,2.7318525314331055,12
1813,POUNDS_PRODUCT_APPLIED,1,2.7837939262390137,13
1814,POUNDS_PRODUCT_APPLIED,1,2.7454116344451904,14
1815,POUNDS_PRODUCT_APPLIED,1,2.759424924850464,15
1816,POUNDS_PRODUCT_APPLIED,1,2.7197341918945312,16
1817,POUNDS_PRODUCT_APPLIED,1,2.725583076477051,17
1818,POUNDS_PRODUCT_APPLIED,1,2.7586259841918945,18
1819,POUNDS_PRODUCT_APPLIED,1,2.7726831436157227,19
1820,POUNDS_PRODUCT_APPLIED,1,2.743889331817627,20
1821,POUNDS_PRODUCT_APPLIED,1,2.7287864685058594,21
1822,POUNDS_PRODUCT_APPLIED,1,2.7834854125976562,22
1823,POUNDS_PRODUCT_APPLIED,1,2.707461357116699,23
1824,POUNDS_PRODUCT_APPLIED,1,2.7491540908813477,24
1825,POUNDS_PRODUCT_APPLIED,1,2.7952773571014404,25
1826,POUNDS_PRODUCT_APPLIED,1,2.7452218532562256,26
1827,POUNDS_PRODUCT_APPLIED,1,2.7405686378479004,27
1828,POUNDS_PRODUCT_APPLIED,1,2.751988410949707,28
1829,POUNDS_PRODUCT_APPLIED,1,2.720576524734497,29
1830,POUNDS_PRODUCT_APPLIED,1,2.740023374557495,30
1831,POUNDS_PRODUCT_APPLIED,1,2.7375540733337402,31
1832,POUNDS_PRODUCT_APPLIED,1,2.7634782791137695,32
1833,POUNDS_PRODUCT_APPLIED,1,2.7292826175689697,33
1834,POUNDS_PRODUCT_APPLIED,1,2.7279226779937744,34
1835,POUNDS_PRODUCT_APPLIED,1,2.7509279251098633,35
1836,POUNDS_PRODUCT_APPLIED,1,2.709364414215088,36
1837,POUNDS_PRODUCT_APPLIED,1,2.730527877807617,37
1838,POUNDS_PRODUCT_APPLIED,1,2.7561371326446533,38
1839,POUNDS_PRODUCT_APPLIED,1,2.7422540187835693,39
1840,POUNDS_PRODUCT_APPLIED,1,2.7528483867645264,40
1841,POUNDS_PRODUCT_APPLIED,1,2.7543909549713135,41
1842,POUNDS_PRODUCT_APPLIED,1,2.709143877029419,42
1843,POUNDS_PRODUCT_APPLIED,1,2.7342989444732666,43
1844,POUNDS_PRODUCT_APPLIED,1,2.7317471504211426,44
1845,POUNDS_PRODUCT_APPLIED,1,2.715198516845703,45
1846,POUNDS_PRODUCT_APPLIED,1,2.753347873687744,46
1847,POUNDS_PRODUCT_APPLIED,1,2.7322354316711426,47
1848,POUNDS_PRODUCT_APPLIED,1,2.7413041591644287,48
1849,POUNDS_PRODUCT_APPLIED,1,2.721061944961548,49
1850,POUNDS_PRODUCT_APPLIED,4,2.8843603134155273,0
1851,POUNDS_PRODUCT_APPLIED,4,2.73429536819458,1
1852,POUNDS_PRODUCT_APPLIED,4,2.5706965923309326,2
1853,POUNDS_PRODUCT_APPLIED,4,2.7327563762664795,3
1854,POUNDS_PRODUCT_APPLIED,4,2.727651834487915,4
1855,POUNDS_PRODUCT_APPLIED,4,2.7590816020965576,5
1856,POUNDS_PRODUCT_APPLIED,4,2.664506435394287,6
1857,POUNDS_PRODUCT_APPLIED,4,2.6461946964263916,7
1858,POUNDS_PRODUCT_APPLIED,4,2.6431891918182373,8
1859,POUNDS_PRODUCT_APPLIED,4,2.759681224822998,9
1860,POUNDS_PRODUCT_APPLIED,4,2.7838945388793945,10
1861,POUNDS_PRODUCT_APPLIED,4,2.632434129714966,11
1862,POUNDS_PRODUCT_APPLIED,4,2.707312822341919,12
1863,POUNDS_PRODUCT_APPLIED,4,2.663569927215576,13
1864,POUNDS_PRODUCT_APPLIED,4,2.6890196800231934,14
1865,POUNDS_PRODUCT_APPLIED,4,2.8160738945007324,15
1866,POUNDS_PRODUCT_APPLIED,4,2.803917407989502,16
1867,POUNDS_PRODUCT_APPLIED,4,2.678652763366699,17
1868,POUNDS_PRODUCT_APPLIED,4,2.5355608463287354,18
1869,POUNDS_PRODUCT_APPLIED,4,3.7977817058563232,19
1870,POUNDS_PRODUCT_APPLIED,4,2.720505714416504,20
1871,POUNDS_PRODUCT_APPLIED,4,2.6241567134857178,21
1872,POUNDS_PRODUCT_APPLIED,4,2.6866354942321777,22
1873,POUNDS_PRODUCT_APPLIED,4,2.5287578105926514,23
1874,POUNDS_PRODUCT_APPLIED,4,2.6048364639282227,24
1875,POUNDS_PRODUCT_APPLIED,4,2.8521218299865723,25
1876,POUNDS_PRODUCT_APPLIED,4,2.515416383743286,26
1877,POUNDS_PRODUCT_APPLIED,4,2.6844232082366943,27
1878,POUNDS_PRODUCT_APPLIED,4,2.5952420234680176,28
1879,POUNDS_PRODUCT_APPLIED,4,2.8526251316070557,29
1880,POUNDS_PRODUCT_APPLIED,4,2.7644248008728027,30
1881,POUNDS_PRODUCT_APPLIED,4,2.8912947177886963,31
1882,POUNDS_PRODUCT_APPLIED,4,2.7079155445098877,32
1883,POUNDS_PRODUCT_APPLIED,4,2.7707722187042236,33
1884,POUNDS_PRODUCT_APPLIED,4,2.690436601638794,34
1885,POUNDS_PRODUCT_APPLIED,4,2.6946074962615967,35
1886,POUNDS_PRODUCT_APPLIED,4,3.04276967048645,36
1887,POUNDS_PRODUCT_APPLIED,4,2.7247326374053955,37
1888,POUNDS_PRODUCT_APPLIED,4,2.686638832092285,38
1889,POUNDS_PRODUCT_APPLIED,4,2.9012033939361572,39
1890,POUNDS_PRODUCT_APPLIED,4,2.62406587600708,40
1891,POUNDS_PRODUCT_APPLIED,4,2.7539873123168945,41
1892,POUNDS_PRODUCT_APPLIED,4,3.165182590484619,42
1893,POUNDS_PRODUCT_APPLIED,4,2.7688369750976562,43
1894,POUNDS_PRODUCT_APPLIED,4,2.75262451171875,44
1895,POUNDS_PRODUCT_APPLIED,4,2.6886558532714844,45
1896,POUNDS_PRODUCT_APPLIED,4,2.641146421432495,46
1897,POUNDS_PRODUCT_APPLIED,4,3.3475916385650635,47
1898,POUNDS_PRODUCT_APPLIED,4,3.4923863410949707,48
1899,POUNDS_PRODUCT_APPLIED,4,3.014836549758911,49
1900,POUNDS_PRODUCT_APPLIED,8,2.5254406929016113,0
1901,POUNDS_PRODUCT_APPLIED,8,2.3214030265808105,1
1902,POUNDS_PRODUCT_APPLIED,8,2.5485920906066895,2
1903,POUNDS_PRODUCT_APPLIED,8,1.8907649517059326,3
1904,POUNDS_PRODUCT_APPLIED,8,1.9945744276046753,4
1905,POUNDS_PRODUCT_APPLIED,8,3.0324947834014893,5
1906,POUNDS_PRODUCT_APPLIED,8,2.364811897277832,6
1907,POUNDS_PRODUCT_APPLIED,8,3.2670226097106934,7
1908,POUNDS_PRODUCT_APPLIED,8,2.7562217712402344,8
1909,POUNDS_PRODUCT_APPLIED,8,2.460937976837158,9
1910,POUNDS_PRODUCT_APPLIED,8,2.779553174972534,10
1911,POUNDS_PRODUCT_APPLIED,8,2.332653522491455,11
1912,POUNDS_PRODUCT_APPLIED,8,3.2901992797851562,12
1913,POUNDS_PRODUCT_APPLIED,8,2.525869607925415,13
1914,POUNDS_PRODUCT_APPLIED,8,3.2722365856170654,14
1915,POUNDS_PRODUCT_APPLIED,8,2.41133975982666,15
1916,POUNDS_PRODUCT_APPLIED,8,2.6285688877105713,16
1917,POUNDS_PRODUCT_APPLIED,8,2.5941100120544434,17
1918,POUNDS_PRODUCT_APPLIED,8,2.0406417846679688,18
1919,POUNDS_PRODUCT_APPLIED,8,2.7144935131073,19
1920,POUNDS_PRODUCT_APPLIED,8,1.885005235671997,20
1921,POUNDS_PRODUCT_APPLIED,8,2.647294759750366,21
1922,POUNDS_PRODUCT_APPLIED,8,2.592397928237915,22
1923,POUNDS_PRODUCT_APPLIED,8,3.0191733837127686,23
1924,POUNDS_PRODUCT_APPLIED,8,2.7239646911621094,24
1925,POUNDS_PRODUCT_APPLIED,8,2.2988343238830566,25
1926,POUNDS_PRODUCT_APPLIED,8,2.976820707321167,26
1927,POUNDS_PRODUCT_APPLIED,8,2.5502448081970215,27
1928,POUNDS_PRODUCT_APPLIED,8,2.5418453216552734,28
1929,POUNDS_PRODUCT_APPLIED,8,2.483564615249634,29
1930,POUNDS_PRODUCT_APPLIED,8,2.5079469680786133,30
1931,POUNDS_PRODUCT_APPLIED,8,2.7357349395751953,31
1932,POUNDS_PRODUCT_APPLIED,8,3.1334848403930664,32
1933,POUNDS_PRODUCT_APPLIED,8,3.053278684616089,33
1934,POUNDS_PRODUCT_APPLIED,8,2.559704542160034,34
1935,POUNDS_PRODUCT_APPLIED,8,2.691473960876465,35
1936,POUNDS_PRODUCT_APPLIED,8,2.1963512897491455,36
1937,POUNDS_PRODUCT_APPLIED,8,2.5746679306030273,37
1938,POUNDS_PRODUCT_APPLIED,8,2.3492422103881836,38
1939,POUNDS_PRODUCT_APPLIED,8,2.120530843734741,39
1940,POUNDS_PRODUCT_APPLIED,8,2.5182313919067383,40
1941,POUNDS_PRODUCT_APPLIED,8,2.869673490524292,41
1942,POUNDS_PRODUCT_APPLIED,8,2.1318166255950928,42
1943,POUNDS_PRODUCT_APPLIED,8,2.3997323513031006,43
1944,POUNDS_PRODUCT_APPLIED,8,2.743168830871582,44
1945,POUNDS_PRODUCT_APPLIED,8,2.87507700920105,45
1946,POUNDS_PRODUCT_APPLIED,8,2.2819485664367676,46
1947,POUNDS_PRODUCT_APPLIED,8,2.2616634368896484,47
1948,POUNDS_PRODUCT_APPLIED,8,2.3290600776672363,48
1949,POUNDS_PRODUCT_APPLIED,8,2.064676284790039,49
1950,POUNDS_PRODUCT_APPLIED,12,2.7464144229888916,0
1951,POUNDS_PRODUCT_APPLIED,12,2.7431628704071045,1
1952,POUNDS_PRODUCT_APPLIED,12,2.8444724082946777,2
1953,POUNDS_PRODUCT_APPLIED,12,3.6322193145751953,3
1954,POUNDS_PRODUCT_APPLIED,12,2.3741519451141357,4
1955,POUNDS_PRODUCT_APPLIED,12,1.9504518508911133,5
1956,POUNDS_PRODUCT_APPLIED,12,2.526735305786133,6
1957,POUNDS_PRODUCT_APPLIED,12,2.197968006134033,7
1958,POUNDS_PRODUCT_APPLIED,12,2.5074572563171387,8
1959,POUNDS_PRODUCT_APPLIED,12,2.3997602462768555,9
1960,POUNDS_PRODUCT_APPLIED,12,2.5434982776641846,10
1961,POUNDS_PRODUCT_APPLIED,12,4.353234767913818,11
1962,POUNDS_PRODUCT_APPLIED,12,2.3763487339019775,12
1963,POUNDS_PRODUCT_APPLIED,12,2.7174651622772217,13
1964,POUNDS_PRODUCT_APPLIED,12,2.2652387619018555,14
1965,POUNDS_PRODUCT_APPLIED,12,2.3403425216674805,15
1966,POUNDS_PRODUCT_APPLIED,12,2.541520833969116,16
1967,POUNDS_PRODUCT_APPLIED,12,2.556796073913574,17
1968,POUNDS_PRODUCT_APPLIED,12,2.741058826446533,18
1969,POUNDS_PRODUCT_APPLIED,12,2.5024349689483643,19
1970,POUNDS_PRODUCT_APPLIED,12,2.2350285053253174,20
1971,POUNDS_PRODUCT_APPLIED,12,2.619718551635742,21
1972,POUNDS_PRODUCT_APPLIED,12,2.741917848587036,22
1973,POUNDS_PRODUCT_APPLIED,12,2.8303701877593994,23
1974,POUNDS_PRODUCT_APPLIED,12,2.4984333515167236,24
1975,POUNDS_PRODUCT_APPLIED,12,2.2697603702545166,25
1976,POUNDS_PRODUCT_APPLIED,12,2.609394073486328,26
1977,POUNDS_PRODUCT_APPLIED,12,2.6965694427490234,27
1978,POUNDS_PRODUCT_APPLIED,12,1.3661692142486572,28
1979,POUNDS_PRODUCT_APPLIED,12,2.499882698059082,29
1980,POUNDS_PRODUCT_APPLIED,12,2.9407215118408203,30
1981,POUNDS_PRODUCT_APPLIED,12,2.573255777359009,31
1982,POUNDS_PRODUCT_APPLIED,12,2.5854976177215576,32
1983,POUNDS_PRODUCT_APPLIED,12,2.450772523880005,33
1984,POUNDS_PRODUCT_APPLIED,12,2.557399034500122,34
1985,POUNDS_PRODUCT_APPLIED,12,2.4607207775115967,35
1986,POUNDS_PRODUCT_APPLIED,12,2.4965767860412598,36
1987,POUNDS_PRODUCT_APPLIED,12,2.2532215118408203,37
1988,POUNDS_PRODUCT_APPLIED,12,2.4468986988067627,38
1989,POUNDS_PRODUCT_APPLIED,12,2.6468636989593506,39
1990,POUNDS_PRODUCT_APPLIED,12,2.675708293914795,40
1991,POUNDS_PRODUCT_APPLIED,12,2.3742620944976807,41
1992,POUNDS_PRODUCT_APPLIED,12,3.103147268295288,42
1993,POUNDS_PRODUCT_APPLIED,12,2.1017796993255615,43
1994,POUNDS_PRODUCT_APPLIED,12,2.0143048763275146,44
1995,POUNDS_PRODUCT_APPLIED,12,1.8237513303756714,45
1996,POUNDS_PRODUCT_APPLIED,12,2.774630069732666,46
1997,POUNDS_PRODUCT_APPLIED,12,2.5766642093658447,47
1998,POUNDS_PRODUCT_APPLIED,12,2.4598793983459473,48
1999,POUNDS_PRODUCT_APPLIED,12,2.9237353801727295,49
